day,hour,cost,P1,P2,V,T1,T2,H,price,daily_total
1,0,0.0,0.0,0.0,0,21.0,21.0,40.0,4.3112,0.0
1,1,0.0,0.0,0.0,0,19.2594,18.9094,48.7192,3.5247,0.0
1,2,18.1633,3.0,3.0,0,17.5627,17.3741,58.3521,3.0272,18.1633
1,3,18.4954,3.0,3.0,0,19.2729,19.0724,68.14,3.0826,36.6587
1,4,26.4669,3.0,3.0,1,21.0269,20.8747,78.9891,3.3084,63.1256
1,5,8.3846,0.0,0.0,1,22.0257,22.0213,75.2397,4.1923,71.5102
1,6,10.9408,0.0,0.0,1,20.0254,20.0165,71.0359,5.4704,82.451
1,7,18.9925,3.0,0.0,0,18.052,18.1564,65.8046,6.3308,101.4436
1,8,35.2383,0.0,3.0,1,19.916,16.8796,75.0084,7.0477,136.6819
1,9,53.6986,3.0,3.0,1,15.901,19.6713,69.3826,6.7123,190.3805
2,0,0.0,0.0,0.0,0,21.0,21.0,40.0,7.3322,0.0
2,1,0.0,0.0,0.0,0,19.1147,18.9229,47.5383,8.6481,0.0
2,2,47.3076,3.0,3.0,0,17.3023,17.2964,55.1914,7.8846,47.3076
2,3,36.5756,3.0,3.0,0,19.0479,18.9061,64.1959,6.0959,83.8831
2,4,39.3561,3.0,3.0,1,20.6377,20.6635,72.8107,4.9195,123.2392
2,5,36.7561,3.0,3.0,1,21.8216,21.5662,67.9928,4.5945,159.9952
2,6,8.721,0.0,0.0,1,22.7305,22.5953,62.6829,4.3605,168.7163
2,7,10.7186,3.0,0.0,0,20.6594,20.3973,58.2865,3.5729,179.4349
2,8,0.0,0.0,0.0,0,22.2442,19.0299,68.5252,3.3014,179.4349
2,9,7.0113,0.0,0.0,1,18.8054,19.4426,80.1058,3.5057,186.4462
3,0,0.0,0.0,0.0,0,21.0,21.0,40.0,7.648,0.0
3,1,0.0,0.0,0.0,0,19.1544,19.0564,49.0971,8.0177,0.0
3,2,49.652,3.0,3.0,0,17.4652,17.4829,58.4918,8.2753,49.652
3,3,49.8175,3.0,3.0,0,19.1828,19.1071,67.6895,8.3029,99.4695
3,4,61.2341,3.0,3.0,1,20.9056,20.8002,77.2254,7.6543,160.7036
3,5,49.3431,3.0,3.0,1,21.8533,21.7588,71.1475,6.1679,210.0466
3,6,12.4821,0.0,0.0,1,22.8332,22.7066,65.9487,6.2411,222.5287
3,7,14.5017,3.0,0.0,0,20.5173,20.4999,59.4618,4.8339,237.0304
3,8,0.0,0.0,0.0,0,22.0771,19.0008,68.2552,4.2176,237.0304
3,9,8.5784,0.0,0.0,1,18.4495,19.2322,76.328,4.2892,245.6088
4,0,0.0,0.0,0.0,0,21.0,21.0,40.0,3.3048,0.0
4,1,0.0,0.0,0.0,0,19.2454,18.9396,48.8646,3.3821,0.0
4,2,20.7228,3.0,3.0,0,17.5617,17.4205,58.7748,3.4538,20.7228
4,3,24.694,3.0,3.0,0,19.2406,19.1779,68.8538,4.1157,45.4168
4,4,34.8659,3.0,3.0,1,21.048,20.9217,79.7231,4.3582,80.2828
4,5,10.2246,0.0,0.0,1,22.1254,22.048,76.5609,5.1123,90.5074
4,6,10.5516,0.0,0.0,1,20.1071,20.0489,72.3597,5.2758,101.059
4,7,13.1672,3.0,0.0,0,18.2357,18.1292,67.6118,4.3891,114.2262
4,8,20.7845,0.0,3.0,1,20.1503,17.004,78.776,4.1569,135.0107
4,9,32.3516,3.0,3.0,1,16.0934,19.9512,74.4961,4.0439,167.3622
5,0,0.0,0.0,0.0,0,21.0,21.0,40.0,6.7693,0.0
5,1,0.0,0.0,0.0,0,19.2273,19.0401,49.607,7.2249,0.0
5,2,41.1576,3.0,3.0,0,17.5822,17.4918,59.6757,6.8596,41.1576
5,3,52.9194,3.0,3.0,1,19.4041,19.283,71.4287,6.6149,94.077
5,4,45.7815,3.0,3.0,1,20.6141,20.3864,68.9989,5.7227,139.8585
5,5,40.44,3.0,3.0,1,21.6652,21.6271,65.7564,5.055,180.2985
5,6,0.0,0.0,0.0,0,22.8233,22.5527,61.6732,4.0971,180.2985
5,7,14.6665,3.0,0.0,1,21.408,21.198,73.2124,2.9333,194.965
5,8,6.775,0.0,0.0,1,22.2997,19.1747,70.3051,3.3875,201.74
5,9,7.6383,0.0,0.0,1,18.1021,18.9127,66.7643,3.8192,209.3783
6,0,0.0,0.0,0.0,0,21.0,21.0,40.0,6.053,0.0
6,1,0.0,0.0,0.0,0,19.2563,18.9331,48.9048,4.2332,0.0
6,2,14.7966,3.0,3.0,0,17.5262,17.3903,58.1875,2.4661,14.7966
6,3,4.7911,3.0,3.0,0,19.2766,19.0586,68.0493,0.7985,19.5877
6,4,5.2462,3.0,3.0,1,21.0165,20.8382,78.5575,0.6558,24.8339
6,5,9.3742,3.0,3.0,1,22.0288,21.8525,73.6974,1.1718,34.2081
6,6,9.3097,0.0,3.0,1,22.9211,22.8917,68.7748,1.8619,43.5178
6,7,7.2888,3.0,0.0,0,20.6971,23.6961,63.4608,2.4296,50.8066
6,8,6.6354,0.0,0.0,1,24.1357,20.1152,73.4654,3.3177,57.442
6,9,8.7079,0.0,0.0,1,19.3121,20.24,70.2704,4.354,66.1499
7,0,0.0,0.0,0.0,0,21.0,21.0,40.0,7.2675,0.0
7,1,0.0,0.0,0.0,0,19.1803,18.9535,48.4038,11.0119,0.0
7,2,72.0,3.0,3.0,0,17.4406,17.431,57.7335,12.0,72.0
7,3,65.5683,3.0,3.0,0,19.2217,19.1186,68.0056,10.928,137.5683
7,4,74.5892,3.0,3.0,1,20.8902,20.8611,77.5414,9.3236,212.1575
7,5,60.4267,3.0,3.0,1,21.982,21.8224,72.827,7.5533,272.5842
7,6,12.2646,0.0,0.0,1,22.9296,22.8429,68.1644,6.1323,284.8488
7,7,15.8502,3.0,0.0,0,20.7396,20.6555,63.1934,5.2834,300.699
7,8,8.7248,0.0,0.0,1,22.3169,19.2634,73.4478,4.3624,309.4238
7,9,6.7334,0.0,0.0,1,18.0694,18.9307,68.9167,3.3667,316.1572
8,0,0.0,0.0,0.0,0,21.0,21.0,40.0,7.0901,0.0
8,1,0.0,0.0,0.0,0,19.2156,19.0136,49.2628,9.1932,0.0
8,2,57.8503,3.0,3.0,0,17.5505,17.3539,58.1145,9.6417,57.8503
8,3,50.131,3.0,3.0,0,19.2681,19.0939,68.3155,8.3552,107.9814
8,4,60.7717,3.0,3.0,1,21.0927,20.8999,79.8477,7.5965,168.753
8,5,32.7489,0.0,3.0,1,22.1442,21.9656,75.9269,6.5498,201.502
8,6,11.1539,0.0,0.0,1,20.1375,23.0323,72.367,5.577,212.6559
8,7,18.4824,3.0,0.0,0,20.1269,19.1161,69.1094,6.1608,231.1382
8,8,12.0451,0.0,0.0,1,21.3828,18.484,81.3737,6.0226,243.1834
8,9,29.9327,3.0,0.0,1,17.4199,18.1822,78.1403,5.9865,273.1161
9,0,0.0,0.0,0.0,0,21.0,21.0,40.0,6.4859,0.0
9,1,0.0,0.0,0.0,0,19.2443,18.9892,49.3016,5.4727,0.0
9,2,28.7825,3.0,3.0,0,17.5536,17.4882,59.3554,4.7971,28.7825
9,3,33.2282,3.0,3.0,1,19.3619,19.2525,70.7148,4.1535,62.0106
9,4,34.0163,3.0,3.0,1,20.4001,20.2334,65.5711,4.252,96.027
9,5,28.7645,3.0,3.0,1,21.5258,21.4445,62.4038,3.5956,124.7915
9,6,7.7482,0.0,3.0,0,22.6514,22.5205,59.0921,2.5827,132.5397
9,7,5.3444,3.0,0.0,0,21.1457,24.0212,68.3326,1.7815,137.8841
9,8,3.3634,0.0,0.0,1,24.3608,20.4093,76.7419,1.6817,141.2475
9,9,4.4244,0.0,0.0,1,19.3598,20.4749,71.8857,2.2122,145.6718
10,0,0.0,0.0,0.0,0,21.0,21.0,40.0,6.8303,0.0
10,1,0.0,0.0,0.0,0,19.2649,18.9997,49.5811,6.6543,0.0
10,2,40.1145,3.0,3.0,0,17.4937,17.4042,58.0875,6.6857,40.1145
10,3,42.1067,3.0,3.0,0,19.0981,19.114,66.9929,7.0178,82.2212
10,4,55.0218,3.0,3.0,1,20.9517,20.8005,77.5758,6.8777,137.243
10,5,43.1413,3.0,3.0,1,21.9691,21.9528,73.911,5.3927,180.3843
10,6,7.4003,0.0,0.0,1,23.0691,22.9673,70.6714,3.7001,187.7846
10,7,8.3842,3.0,0.0,0,21.0108,20.8149,67.4393,2.7947,196.1688
10,8,5.4415,0.0,0.0,1,22.6873,19.5248,79.8915,2.7207,201.6103
10,9,7.0989,0.0,0.0,1,18.5863,19.2771,78.0125,3.5494,208.7091
11,0,0.0,0.0,0.0,0,21.0,21.0,40.0,2.3988,0.0
11,1,3.3215,3.0,0.0,0,19.1181,19.0292,48.5256,1.1072,3.3215
11,2,0.1084,0.0,3.0,0,20.52,17.3618,57.838,0.0361,3.4299
11,3,0.9035,3.0,3.0,0,17.1767,20.9182,68.5179,0.1506,4.3335
11,4,1.069,3.0,3.0,1,21.5738,20.2279,80.496,0.1336,5.4025
11,5,7.4317,3.0,3.0,1,21.8998,22.1038,77.1659,0.929,12.8342
11,6,8.9032,0.0,3.0,1,23.1852,22.8996,73.6995,1.7806,21.7373
11,7,6.4808,3.0,0.0,1,20.9522,23.8677,70.0233,1.2962,28.2181
11,8,0.0,0.0,0.0,0,23.7906,19.7243,67.5477,1.306,28.2181
11,9,4.1808,0.0,0.0,1,19.6136,20.699,79.5584,2.0904,32.3989
12,0,0.0,0.0,0.0,0,21.0,21.0,40.0,7.1395,0.0
12,1,0.0,0.0,0.0,0,19.2965,18.9119,49.076,9.8154,0.0
12,2,60.473,3.0,3.0,0,17.531,17.3934,58.2753,10.0788,60.473
12,3,53.7652,3.0,3.0,0,19.2723,19.0295,67.7737,8.9609,114.2382
12,4,59.5377,3.0,3.0,1,20.9591,20.7735,77.4535,7.4422,173.776
12,5,40.37,3.0,3.0,1,21.8478,21.8155,71.6196,5.0463,214.146
12,6,15.1568,0.0,3.0,1,22.694,22.6823,64.5348,3.0314,229.3028
12,7,5.5118,3.0,0.0,0,20.5078,23.3397,57.8453,1.8373,234.8146
12,8,0.0,0.0,0.0,0,23.7154,19.7782,65.4539,1.546,234.8146
12,9,1.9366,0.0,0.0,1,19.3172,20.4864,73.0568,0.9683,236.7512
13,0,0.0,0.0,0.0,0,21.0,21.0,40.0,7.8934,0.0
13,1,0.0,0.0,0.0,0,19.1337,18.9598,48.0416,9.7228,0.0
13,2,61.1489,3.0,3.0,0,17.3972,17.4099,57.116,10.1915,61.1489
13,3,53.4622,3.0,3.0,0,19.2314,19.0767,67.6206,8.9104,114.611
13,4,57.9444,3.0,3.0,1,20.95,20.9246,78.5281,7.2431,172.5555
13,5,52.5421,3.0,3.0,1,21.9807,21.9309,73.7792,6.5678,225.0975
13,6,10.9372,0.0,0.0,1,22.8759,22.9422,68.6588,5.4686,236.0347
13,7,12.0252,3.0,0.0,0,20.587,20.7382,62.6896,4.0084,248.0598
13,8,6.4967,0.0,0.0,1,22.1758,19.1647,71.3514,3.2483,254.5565
13,9,10.8791,3.0,0.0,1,17.8772,18.8161,66.001,2.1758,265.4356
14,0,0.0,0.0,0.0,0,21.0,21.0,40.0,4.9177,0.0
14,1,0.0,0.0,0.0,0,19.1945,18.918,48.212,7.3095,0.0
14,2,52.2094,3.0,3.0,0,17.5368,17.3155,57.5407,8.7016,52.2094
14,3,51.5203,3.0,3.0,0,19.118,19.1206,67.0531,8.5867,103.7297
14,4,64.8355,3.0,3.0,1,20.8767,20.759,76.373,8.1044,168.5652
14,5,62.564,3.0,3.0,1,21.8217,21.86,71.4908,7.8205,231.1292
14,6,13.3013,0.0,0.0,1,22.7997,22.848,66.6975,6.6506,244.4304
14,7,19.4076,3.0,0.0,0,20.6628,20.6645,62.1289,6.4692,263.8381
14,8,12.9259,0.0,0.0,1,22.2881,19.2898,72.9098,6.4629,276.7639
14,9,12.872,0.0,0.0,1,18.0727,18.926,68.3858,6.436,289.6359
15,0,0.0,0.0,0.0,0,21.0,21.0,40.0,4.4781,0.0
15,1,0.0,0.0,0.0,0,19.1252,19.0212,48.5178,2.4075,0.0
15,2,6.2977,3.0,3.0,0,17.5709,17.3888,58.5379,1.0496,6.2977
15,3,4.7408,3.0,3.0,0,19.3019,19.1734,69.3098,0.7901,11.0385
15,4,2.924,3.0,3.0,1,21.0446,21.0258,80.6261,0.3655,13.9625
15,5,4.5172,3.0,3.0,1,22.1515,22.0735,77.1124,0.5647,18.4797
15,6,5.373,0.0,3.0,1,23.138,23.1024,73.2536,1.0746,23.8527
15,7,5.8776,3.0,0.0,0,21.0034,23.9121,69.1768,1.9592,29.7302
15,8,6.444,0.0,0.0,1,24.4273,20.3001,79.2391,3.222,36.1743
15,9,7.309,0.0,0.0,1,19.3886,20.4131,74.4315,3.6545,43.4833
16,0,0.0,0.0,0.0,0,21.0,21.0,40.0,6.0168,0.0
16,1,0.0,0.0,0.0,0,19.1593,18.9632,48.3024,4.4533,0.0
16,2,22.1183,3.0,3.0,0,17.5581,17.314,57.728,3.6864,22.1183
16,3,17.9132,3.0,3.0,0,19.185,19.1243,67.7164,2.9855,40.0315
16,4,22.0521,3.0,3.0,1,21.0805,20.8637,79.2399,2.7565,62.0837
16,5,18.7185,3.0,3.0,1,22.0862,21.9974,75.4755,2.3398,80.8022
16,6,15.357,0.0,3.0,1,23.0525,22.9547,70.6629,3.0714,96.1592
16,7,10.3316,3.0,0.0,0,20.743,23.8112,65.2247,3.4439,106.4908
16,8,8.2611,0.0,0.0,1,24.1242,20.2819,75.3213,4.1305,114.7519
16,9,8.8811,0.0,0.0,1,19.2977,20.3179,71.4415,4.4405,123.633
17,0,0.0,0.0,0.0,0,21.0,21.0,40.0,2.7475,0.0
17,1,3.3403,3.0,3.0,0,19.2926,18.9115,49.0366,0.5567,3.3403
17,2,0.0,0.0,0.0,0,20.5982,20.3739,58.7018,0.504,3.3403
17,3,2.3538,0.0,3.0,0,18.9874,18.756,68.1867,0.7846,5.6942
17,4,0.4989,3.0,3.0,1,17.6805,20.5368,77.7515,0.0624,6.193
17,5,1.0118,3.0,3.0,1,20.8176,19.6972,72.056,0.1265,7.2048
17,6,0.0,3.0,3.0,1,21.2667,21.4243,66.3054,0.0,7.2048
17,7,2.0973,3.0,0.0,0,22.4069,22.1817,61.0371,0.6991,9.3021
17,8,2.5809,0.0,0.0,1,23.665,20.7233,70.6956,1.2904,11.8829
17,9,3.1891,0.0,0.0,1,19.2095,20.0897,64.1118,1.5945,15.072
18,0,0.0,0.0,0.0,0,21.0,21.0,40.0,5.6296,0.0
18,1,0.0,0.0,0.0,0,19.1164,18.9327,47.6416,7.0241,0.0
18,2,42.2428,3.0,3.0,0,17.3821,17.3375,56.2893,7.0405,42.2428
18,3,41.2948,3.0,3.0,0,19.0601,18.9714,65.0124,6.8825,83.5376
18,4,49.5874,3.0,3.0,1,20.7734,20.5705,73.3839,6.1984,133.125
18,5,51.2133,3.0,3.0,1,21.7144,21.5969,67.531,6.4017,184.3383
18,6,12.6781,0.0,0.0,1,22.7548,22.528,62.4557,6.3391,197.0164
18,7,18.8016,3.0,0.0,0,20.4654,20.3708,56.421,6.2672,215.8179
18,8,0.0,0.0,0.0,0,22.0557,18.9788,66.2906,4.4629,215.8179
18,9,7.7211,0.0,0.0,1,18.3822,19.2529,74.2957,3.8606,223.539
19,0,0.0,0.0,0.0,0,21.0,21.0,40.0,5.6351,0.0
19,1,0.0,0.0,0.0,0,19.2889,18.9735,49.5618,6.4893,0.0
19,2,38.7759,3.0,3.0,0,17.5715,17.5155,59.7881,6.4626,38.7759
19,3,41.9906,3.0,3.0,1,19.434,19.1475,70.4862,5.2488,80.7664
19,4,36.1642,3.0,3.0,1,20.3748,20.2406,65.4454,4.5205,116.9306
19,5,33.2662,3.0,3.0,1,21.4265,21.3067,60.2912,4.1583,150.1968
19,6,0.0,0.0,0.0,0,22.3915,22.3309,54.8532,3.5712,150.1968
19,7,10.3404,3.0,0.0,0,21.0666,20.869,65.6534,3.4468,160.5372
19,8,6.6423,0.0,0.0,1,22.5926,19.5288,76.399,3.3212,167.1795
19,9,8.0908,0.0,0.0,1,18.4239,19.176,72.8838,4.0454,175.2704
20,0,0.0,0.0,0.0,0,21.0,21.0,40.0,2.2674,0.0
20,1,0.0,0.0,0.0,0,19.1439,19.0761,49.1799,1.8152,0.0
20,2,10.9687,3.0,3.0,0,17.5515,17.5022,59.4497,1.8281,10.9687
20,3,14.3696,3.0,3.0,0,19.1597,19.2445,68.8209,2.3949,25.3383
20,4,27.0619,3.0,3.0,1,20.9356,20.9618,79.1557,3.3827,52.4002
20,5,28.8909,3.0,3.0,1,21.9845,21.9522,74.4484,3.6114,81.291
20,6,8.3401,0.0,0.0,1,23.0762,22.8634,70.2173,4.1701,89.6312
20,7,13.6666,3.0,0.0,0,20.8052,20.7044,64.9242,4.5555,103.2978
20,8,9.1199,0.0,0.0,1,22.4412,19.2967,75.6689,4.5599,112.4177
20,9,9.0865,0.0,0.0,1,18.0878,18.9327,70.0455,4.5433,121.5042
21,0,0.0,0.0,0.0,0,21.0,21.0,40.0,5.5307,0.0
21,1,0.0,0.0,0.0,0,19.2807,19.0739,50.3915,6.6804,0.0
21,2,40.0704,3.0,3.0,0,17.6308,17.5351,60.5802,6.6784,40.0704
21,3,46.2871,3.0,3.0,1,19.2875,19.2448,70.1966,5.7859,86.3576
21,4,40.945,3.0,3.0,1,20.397,20.3261,66.5245,5.1181,127.3026
21,5,35.7261,3.0,3.0,1,21.4566,21.4788,62.3168,4.4658,163.0287
21,6,0.0,0.0,0.0,0,22.5184,22.4523,57.4766,3.6723,163.0287
21,7,8.1558,3.0,0.0,0,21.1127,20.9275,67.207,2.7186,171.1845
21,8,4.5401,0.0,0.0,1,22.592,19.4686,76.5575,2.27,175.7245
21,9,5.2974,0.0,0.0,1,18.2885,18.9809,70.5607,2.6487,181.0219
22,0,0.0,0.0,0.0,0,21.0,21.0,40.0,4.6354,0.0
22,1,0.0,0.0,0.0,0,19.292,19.0667,50.4283,2.7401,0.0
22,2,18.1978,3.0,3.0,0,17.7344,17.6293,62.3648,3.033,18.1978
22,3,33.9362,3.0,3.0,1,19.7102,19.4367,75.9095,4.242,52.134
22,4,43.8801,3.0,3.0,1,20.9178,20.5887,74.3089,5.485,96.0141
22,5,28.8857,0.0,3.0,1,22.0048,21.7837,71.435,5.7771,124.8998
22,6,0.0,0.0,0.0,0,20.0095,22.9179,68.2946,4.9894,124.8998
22,7,23.5822,3.0,0.0,1,20.6818,19.7238,79.8642,4.7164,148.4819
22,8,9.1329,0.0,0.0,1,21.0889,18.3189,76.1807,4.5664,157.6148
22,9,36.4051,3.0,3.0,1,17.0573,17.8956,70.8223,4.5506,194.0199
23,0,0.0,0.0,0.0,0,21.0,21.0,40.0,2.393,0.0
23,1,0.0,0.0,0.0,0,19.1633,18.9646,48.3515,2.7811,0.0
23,2,18.5675,3.0,3.0,0,17.3693,17.3067,55.9682,3.0946,18.5675
23,3,18.7807,3.0,3.0,0,19.0847,18.9725,65.2755,3.1301,37.3482
23,4,27.5194,3.0,3.0,1,20.7777,20.723,74.8504,3.4399,64.8676
23,5,26.1326,3.0,3.0,1,21.8736,21.6957,70.0494,3.2666,91.0002
23,6,15.6801,0.0,3.0,1,22.7898,22.6936,64.6887,3.136,106.6803
23,7,8.7985,3.0,0.0,0,20.7107,23.5489,60.8406,2.9328,115.4789
23,8,6.1055,0.0,0.0,1,24.1463,20.1675,72.4934,3.0527,121.5843
23,9,8.9006,0.0,0.0,1,19.2663,20.3453,69.3254,4.4503,130.485
24,0,0.0,0.0,0.0,0,21.0,21.0,40.0,7.4971,0.0
24,1,0.0,0.0,0.0,0,19.1154,18.9994,48.2325,6.6885,0.0
24,2,31.6871,3.0,3.0,0,17.4825,17.4003,57.8168,5.2812,31.6871
24,3,26.5718,3.0,3.0,0,19.027,19.1414,66.4509,4.4286,58.2589
24,4,30.9121,3.0,3.0,1,20.7395,20.7794,75.2883,3.864,89.171
24,5,19.9208,3.0,3.0,1,21.7731,21.6904,69.388,2.4901,109.0918
24,6,9.5757,0.0,3.0,1,22.6813,22.7405,64.3299,1.9151,118.6675
24,7,9.4541,3.0,0.0,0,20.604,23.4992,59.5739,3.1514,128.1216
24,8,0.0,0.0,0.0,0,23.979,20.0056,69.5296,4.0576,128.1216
24,9,9.6203,0.0,0.0,1,19.7265,20.7811,79.4922,4.8101,137.7418
25,0,0.0,0.0,0.0,0,21.0,21.0,40.0,2.5174,0.0
25,1,0.0,0.0,0.0,0,19.1684,19.0284,48.9712,1.7921,0.0
25,2,7.482,3.0,3.0,0,17.5352,17.5386,59.6099,1.247,7.482
25,3,9.4692,3.0,3.0,0,19.2419,19.2315,69.4416,1.5782,16.9511
25,4,22.7212,3.0,3.0,1,21.0185,20.9384,79.7502,2.8401,39.6723
25,5,22.3279,0.0,3.0,1,22.0628,21.8936,74.7383,4.4656,62.0002
25,6,11.6518,0.0,0.0,1,19.8801,22.8874,68.7986,5.8259,73.652
25,7,0.0,0.0,0.0,0,19.7575,18.8811,63.3607,6.6428,73.652
25,8,36.9061,3.0,0.0,1,17.8791,18.1025,72.5535,7.3812,110.5581
25,9,62.9863,3.0,3.0,1,19.0288,15.7817,66.6659,7.8733,173.5444
26,0,0.0,0.0,0.0,0,21.0,21.0,40.0,3.9159,0.0
26,1,0.0,0.0,0.0,0,19.2438,19.0311,49.674,4.8769,0.0
26,2,34.1725,3.0,3.0,0,17.6057,17.4662,59.663,5.6954,34.1725
26,3,44.7429,3.0,3.0,1,19.3618,19.2942,71.1538,5.5929,78.9154
26,4,35.5283,3.0,3.0,1,20.4258,20.3336,66.8062,4.441,114.4438
26,5,23.4077,3.0,3.0,1,21.4905,21.3984,61.8864,2.926,137.8514
26,6,6.0393,0.0,3.0,0,22.5627,22.3833,57.1999,2.0131,143.8908
26,7,6.2869,3.0,0.0,0,21.1101,24.0404,68.1231,2.0956,150.1777
26,8,5.327,0.0,0.0,1,24.5699,20.4377,78.8035,2.6635,155.5047
26,9,6.3273,0.0,0.0,1,19.5731,20.5746,74.8403,3.1637,161.8321
27,0,0.0,0.0,0.0,0,21.0,21.0,40.0,5.8934,0.0
27,1,0.0,0.0,0.0,0,19.1588,18.9634,48.3,5.1729,0.0
27,2,27.5788,3.0,3.0,0,17.4606,17.3409,57.0917,4.5965,27.5788
27,3,26.4507,3.0,3.0,0,19.0317,18.9889,65.0545,4.4085,54.0295
27,4,29.8657,3.0,3.0,1,20.6988,20.6211,73.2971,3.7332,83.8952
27,5,27.9548,3.0,3.0,1,21.6013,21.6479,67.0809,3.4944,111.8501
27,6,7.0196,0.0,0.0,1,22.6064,22.6187,61.9882,3.5098,118.8696
27,7,8.7627,3.0,0.0,0,20.4634,20.4443,57.0656,2.9209,127.6323
27,8,0.0,0.0,0.0,0,22.1384,19.0835,68.0415,3.1019,127.6323
27,9,7.2671,0.0,0.0,1,18.669,19.5154,79.4725,3.6335,134.8994
28,0,0.0,0.0,0.0,0,21.0,21.0,40.0,2.3234,0.0
28,1,0.0,0.0,0.0,0,19.2742,18.9037,48.8012,2.1925,0.0
28,2,14.2716,3.0,3.0,0,17.5041,17.4368,58.3975,2.3786,14.2716
28,3,16.8147,3.0,3.0,0,19.3212,19.1475,69.2625,2.8024,31.0862
28,4,27.6437,3.0,3.0,1,20.9656,20.9814,79.5205,3.4555,58.7299
28,5,21.5948,3.0,0.0,1,21.8951,22.0158,74.1791,4.319,80.3247
28,6,10.2715,0.0,0.0,1,23.0087,19.9418,70.2551,5.1357,90.5962
28,7,15.9938,3.0,0.0,0,18.9822,19.911,65.6262,5.3313,106.59
28,8,26.0072,0.0,3.0,1,21.4605,17.9687,76.7849,5.2014,132.5971
28,9,43.4955,3.0,3.0,1,17.1755,20.8878,72.2473,5.4369,176.0926
29,0,0.0,0.0,0.0,0,21.0,21.0,40.0,7.1676,0.0
29,1,0.0,0.0,0.0,0,19.1194,19.0492,48.7182,7.207,0.0
29,2,41.1884,3.0,3.0,0,17.5511,17.3499,58.0301,6.8647,41.1884
29,3,33.1453,3.0,3.0,0,19.226,19.1094,68.0195,5.5242,74.3337
29,4,38.5561,3.0,3.0,1,20.9798,20.8314,78.1346,4.8195,112.8899
29,5,38.2568,3.0,3.0,1,21.9537,21.9733,74.0374,4.7821,151.1467
29,6,9.42,0.0,0.0,1,23.1518,22.9642,71.4731,4.71,160.5667
29,7,14.1443,3.0,0.0,0,21.0046,20.8845,68.1662,4.7148,174.7109
29,8,9.9148,0.0,0.0,1,22.6742,19.4906,79.6801,4.9574,184.6257
29,9,9.7089,0.0,0.0,1,18.4274,19.2314,76.3423,4.8544,194.3346
30,0,0.0,0.0,0.0,0,21.0,21.0,40.0,4.9419,0.0
30,1,0.0,0.0,0.0,0,19.2064,18.9701,48.7883,5.9366,0.0
30,2,40.8823,3.0,3.0,0,17.4884,17.4281,58.176,6.8137,40.8823
30,3,44.622,3.0,3.0,0,19.2886,19.0442,68.0163,7.437,85.5044
30,4,55.4229,3.0,3.0,1,20.8929,20.8372,77.4226,6.9279,140.9273
30,5,51.1827,3.0,3.0,1,21.9574,21.8139,72.5816,6.3978,192.11
30,6,12.6802,0.0,0.0,1,22.9028,22.8195,67.7348,6.3401,204.7902
30,7,15.7498,3.0,0.0,0,20.6772,20.6443,62.5088,5.2499,220.54
30,8,9.2867,0.0,0.0,1,22.3236,19.2002,72.8504,4.6434,229.8268
30,9,9.0288,0.0,0.0,1,18.0285,18.8183,67.3974,4.5144,238.8556
31,0,0.0,0.0,0.0,0,21.0,21.0,40.0,5.3803,0.0
31,1,0.0,0.0,0.0,0,19.1397,19.0917,49.2825,4.261,0.0
31,2,22.4097,3.0,3.0,0,17.5267,17.4558,58.8193,3.735,22.4097
31,3,19.1381,3.0,3.0,0,19.2375,19.1978,69.0471,3.1897,41.5478
31,4,21.3175,3.0,3.0,1,20.9876,20.9024,79.0631,2.6647,62.8653
31,5,8.4069,3.0,0.0,1,22.0705,22.006,75.6736,1.6814,71.2722
31,6,4.8595,3.0,3.0,1,23.0619,19.9496,70.9579,0.6074,76.1317
31,7,1.0479,3.0,0.0,1,22.0213,22.8272,65.4324,0.2096,77.1796
31,8,1.064,0.0,3.0,0,23.214,19.849,58.6576,0.3547,78.2436
31,9,0.0,0.0,0.0,0,19.199,23.181,65.9361,0.1888,78.2436
32,0,0.0,0.0,0.0,0,21.0,21.0,40.0,6.5491,0.0
32,1,0.0,0.0,0.0,0,19.27,18.9951,49.5859,7.6015,0.0
32,2,47.164,3.0,3.0,0,17.6368,17.4329,59.6352,7.8607,47.164
32,3,63.5905,3.0,3.0,1,19.4584,19.2289,71.4243,7.9488,110.7544
32,4,55.5041,3.0,3.0,1,20.5501,20.3041,67.6766,6.938,166.2586
32,5,44.5202,3.0,3.0,1,21.5961,21.4943,63.8024,5.565,210.7787
32,6,0.0,0.0,0.0,0,22.5795,22.5126,58.7989,4.6175,210.7787
32,7,11.5304,3.0,0.0,0,21.093,21.1442,69.3189,3.8435,222.3091
32,8,6.5602,0.0,0.0,1,22.6548,19.6221,79.0214,3.2801,228.8693
32,9,5.2881,0.0,0.0,1,18.3925,19.1793,73.9933,2.644,234.1574
33,0,0.0,0.0,0.0,0,21.0,21.0,40.0,5.2521,0.0
33,1,0.0,0.0,0.0,0,19.2332,19.0259,49.5321,5.1049,0.0
33,2,37.0285,3.0,3.0,0,17.6145,17.5157,60.1738,6.1714,37.0285
33,3,42.3054,3.0,3.0,0,19.2489,19.1811,69.1581,7.0509,79.3339
33,4,52.6947,3.0,3.0,1,20.9669,20.8927,78.9433,6.5868,132.0286
33,5,43.9671,3.0,3.0,1,21.9589,21.8002,72.9426,5.4959,175.9957
33,6,8.9603,0.0,0.0,1,22.8641,22.7349,67.0854,4.4802,184.956
33,7,13.3898,3.0,0.0,0,20.5707,20.5969,61.4733,4.4633,198.3458
33,8,10.8438,0.0,0.0,1,22.2126,19.1263,71.3971,5.4219,209.1896
33,9,28.6552,3.0,0.0,1,17.9268,18.7135,65.583,5.731,237.8449
34,0,0.0,0.0,0.0,0,21.0,21.0,40.0,7.7932,0.0
34,1,0.0,0.0,0.0,0,19.12,18.936,47.7039,8.7568,0.0
34,2,51.0731,3.0,3.0,0,17.368,17.2122,55.041,8.5122,51.0731
34,3,48.6607,3.0,3.0,0,19.0548,18.8996,64.1993,8.1101,99.7337
34,4,54.6082,3.0,3.0,1,20.7885,20.6238,73.811,6.826,154.3419
34,5,49.7062,3.0,3.0,1,21.7785,21.7951,69.765,6.2133,204.0482
34,6,10.446,0.0,0.0,1,22.7055,22.7938,64.5122,5.223,214.4941
34,7,15.3115,3.0,0.0,0,20.6204,20.5239,59.4978,5.1038,229.8056
34,8,10.7119,0.0,0.0,1,22.2291,19.2136,70.5443,5.356,240.5175
34,9,9.0712,0.0,0.0,1,18.0074,18.8575,65.9118,4.5356,249.5887
35,0,0.0,0.0,0.0,0,21.0,21.0,40.0,5.2969,0.0
35,1,0.0,0.0,0.0,0,19.1658,18.9544,48.2815,6.1571,0.0
35,2,40.9525,3.0,3.0,0,17.4845,17.4042,57.8747,6.8254,40.9525
35,3,41.3533,3.0,3.0,0,19.273,19.1756,68.983,6.8922,82.3058
35,4,50.6164,3.0,3.0,1,21.0371,21.0092,80.2968,6.3271,132.9223
35,5,11.9566,0.0,0.0,1,22.043,22.066,75.9346,5.9783,144.8789
35,6,11.2456,0.0,0.0,1,20.0817,19.9824,71.4289,5.6228,156.1245
35,7,15.2361,3.0,0.0,0,18.1668,18.0397,65.9993,5.0787,171.3606
35,8,23.5827,0.0,3.0,1,20.0808,16.9313,77.1659,4.7165,194.9433
35,9,38.7126,3.0,3.0,1,16.1641,19.8669,73.916,4.8391,233.6559
36,0,0.0,0.0,0.0,0,21.0,21.0,40.0,7.5865,0.0
36,1,0.0,0.0,0.0,0,19.2782,19.0085,49.7801,11.0292,0.0
36,2,69.9141,3.0,3.0,0,17.5954,17.5331,60.1837,11.6523,69.9141
36,3,90.209,3.0,3.0,1,19.3572,19.2123,70.4367,11.2761,160.1231
36,4,79.6695,3.0,3.0,1,20.4246,20.3562,66.9825,9.9587,239.7926
36,5,65.6558,3.0,3.0,1,21.6026,21.4766,63.6013,8.207,305.4484
36,6,0.0,0.0,0.0,0,22.6413,22.6045,60.0723,7.2457,305.4484
36,7,32.4494,3.0,0.0,1,21.3025,21.1977,71.714,6.4899,337.8978
36,8,10.7083,0.0,0.0,1,22.3321,19.0879,69.175,5.3541,348.6061
36,9,9.7734,0.0,0.0,1,18.1587,18.9237,66.6826,4.8867,358.3795
37,0,0.0,0.0,0.0,0,21.0,21.0,40.0,2.7905,0.0
37,1,0.0,0.0,0.0,0,19.1537,19.0904,49.3973,1.5818,0.0
37,2,8.7815,3.0,3.0,0,17.5536,17.4522,59.0405,1.4636,8.7815
37,3,10.4287,3.0,3.0,0,19.284,19.0672,68.3233,1.7381,19.2102
37,4,22.9342,3.0,3.0,1,20.9624,20.743,77.3578,2.8668,42.1443
37,5,25.4825,3.0,3.0,1,21.899,21.7392,71.519,3.1853,67.6268
37,6,14.6664,0.0,3.0,1,22.938,22.644,66.4884,2.9333,82.2932
37,7,8.002,3.0,0.0,0,20.6678,23.5384,61.3611,2.6673,90.2952
37,8,5.293,0.0,0.0,1,23.9719,20.0913,71.1912,2.6465,95.5883
37,9,6.1276,0.0,0.0,1,19.0916,20.0582,65.896,3.0638,101.7159
38,0,0.0,0.0,0.0,0,21.0,21.0,40.0,3.2843,0.0
38,1,0.0,0.0,0.0,0,19.2788,19.0564,50.2163,2.0666,0.0
38,2,6.6423,3.0,3.0,0,17.6126,17.4646,59.7648,1.1071,6.6423
38,3,0.5882,3.0,3.0,0,19.3555,19.0969,69.3796,0.098,7.2306
38,4,1.1232,3.0,3.0,1,20.971,20.8949,79.0401,0.1404,8.3538
38,5,2.1226,3.0,3.0,1,21.9587,21.7706,72.7214,0.2653,10.4764
38,6,5.1687,0.0,3.0,1,22.8883,22.7661,67.6027,1.0337,15.6451
38,7,3.5245,3.0,0.0,0,20.6736,23.6283,62.751,1.1748,19.1696
38,8,4.0152,0.0,0.0,1,24.1561,20.1089,73.622,2.0076,23.1847
38,9,5.2888,0.0,0.0,1,19.2498,20.2524,69.8639,2.6444,28.4735
39,0,0.0,0.0,0.0,0,21.0,21.0,40.0,2.575,0.0
39,1,3.5151,3.0,0.0,0,19.1483,19.0889,49.3349,1.1717,3.5151
39,2,2.7938,0.0,3.0,0,20.5138,17.5503,59.5594,0.9313,6.3089
39,3,6.3912,3.0,3.0,0,17.1659,21.0115,69.5052,1.0652,12.7001
39,4,10.6492,3.0,3.0,1,21.4265,20.2125,79.3506,1.3312,23.3493
39,5,18.6858,3.0,3.0,1,21.6909,21.9933,74.4637,2.3357,42.0352
39,6,15.6509,0.0,3.0,1,22.9984,22.8125,71.12,3.1302,57.6861
39,7,11.653,3.0,0.0,0,20.9125,23.7533,68.2747,3.8843,69.3391
39,8,8.2465,0.0,0.0,1,24.47,20.3297,81.0108,4.1232,77.5855
39,9,8.4108,0.0,0.0,1,19.5342,20.5746,78.381,4.2054,85.9964
40,0,0.0,0.0,0.0,0,21.0,21.0,40.0,6.1448,0.0
40,1,0.0,0.0,0.0,0,19.1377,19.0951,49.295,7.4955,0.0
40,2,47.3805,3.0,3.0,0,17.4691,17.3318,57.1862,7.8967,47.3805
40,3,47.8319,3.0,3.0,0,19.1018,18.9907,65.8009,7.972,95.2124
40,4,58.8307,3.0,3.0,1,20.7782,20.6624,74.548,7.3538,154.0431
40,5,47.1551,3.0,3.0,1,21.677,21.6716,68.2473,5.8944,201.1982
40,6,9.7054,0.0,0.0,1,22.649,22.5403,62.0271,4.8527,210.9037
40,7,10.4546,3.0,0.0,0,20.4735,20.404,57.1229,3.4849,221.3583
40,8,0.0,0.0,0.0,0,22.0874,18.991,67.0522,2.1439,221.3583
40,9,3.1306,0.0,0.0,1,18.5296,19.3855,77.222,1.5653,224.4889
41,0,0.0,0.0,0.0,0,21.0,21.0,40.0,2.1609,0.0
41,1,2.6448,3.0,3.0,0,19.1227,19.0864,49.0818,0.4408,2.6448
41,2,0.0,0.0,0.0,0,20.4617,20.5192,58.7856,0.8311,2.6448
41,3,0.0,0.0,0.0,0,18.896,18.9018,68.6881,1.1325,2.6448
41,4,13.1436,3.0,3.0,1,17.7562,17.7008,79.9709,1.643,15.7884
41,5,22.2175,3.0,3.0,1,19.0589,19.1067,75.4903,2.7772,38.0059
41,6,34.2155,3.0,3.0,1,20.4039,20.3582,71.4087,4.2769,72.2214
41,7,28.9667,3.0,3.0,0,21.5884,21.4925,68.1952,4.8278,101.1881
41,8,10.4908,0.0,0.0,1,23.1942,23.0657,79.91,5.2454,111.6789
41,9,11.318,0.0,0.0,1,20.629,20.573,75.2911,5.659,122.9969
42,0,0.0,0.0,0.0,0,21.0,21.0,40.0,7.7411,0.0
42,1,0.0,0.0,0.0,0,19.1289,19.0168,48.5115,9.4753,0.0
42,2,58.305,3.0,3.0,0,17.3167,17.393,56.2876,9.7175,58.305
42,3,54.066,3.0,3.0,0,19.1671,18.9909,66.2294,9.011,112.371
42,4,61.1527,3.0,3.0,1,20.7756,20.7814,75.4935,7.6441,173.5237
42,5,46.2704,3.0,3.0,1,21.7427,21.6777,68.8962,5.7838,219.794
42,6,16.1419,0.0,3.0,1,22.6971,22.5885,62.9622,3.2284,235.936
42,7,4.3648,3.0,0.0,0,20.4268,23.3894,56.7263,1.4549,240.3008
42,8,0.0,0.0,0.0,0,23.7637,19.8229,65.4254,1.6431,240.3008
42,9,4.5285,0.0,0.0,1,19.4874,20.6614,75.3814,2.2642,244.8292
43,0,0.0,0.0,0.0,0,21.0,21.0,40.0,3.4913,0.0
43,1,0.0,0.0,0.0,0,19.1997,18.9953,48.9557,2.112,0.0
43,2,13.2637,3.0,3.0,0,17.5804,17.4106,58.8637,2.2106,13.2637
43,3,16.6602,3.0,3.0,0,19.2283,19.1495,68.5051,2.7767,29.9239
43,4,27.0676,3.0,3.0,1,20.9644,20.8111,77.9554,3.3835,56.9915
43,5,19.9519,0.0,3.0,1,22.0034,21.8614,73.5882,3.9904,76.9434
43,6,10.2279,0.0,0.0,1,19.9741,22.781,68.2798,5.1139,87.1713
43,7,17.5334,3.0,0.0,0,19.9484,18.7808,63.7572,5.8445,104.7047
43,8,12.333,0.0,0.0,1,20.9751,18.1864,73.8353,6.1665,117.0376
43,9,46.2607,3.0,3.0,1,17.1082,17.7544,69.6594,5.7826,163.2983
44,0,0.0,0.0,0.0,0,21.0,21.0,40.0,3.2869,0.0
44,1,5.7331,3.0,3.0,0,19.1962,19.059,49.4969,0.9555,5.7331
44,2,0.0,0.0,0.0,0,20.7029,20.5149,60.958,1.0345,5.7331
44,3,2.4723,0.0,0.0,1,19.1535,19.0397,72.5025,1.2362,8.2054
44,4,16.9871,3.0,3.0,1,17.2515,17.1928,69.0673,2.1234,25.1924
44,5,31.8048,3.0,3.0,1,18.7618,18.6254,65.7846,3.9756,56.9973
44,6,28.2935,3.0,3.0,0,20.1262,19.9492,61.8265,4.7156,85.2908
44,7,43.1501,3.0,3.0,1,21.9089,21.8924,73.0589,5.3938,128.4409
44,8,10.0986,0.0,0.0,1,22.7297,22.5633,67.8365,5.0493,138.5394
44,9,10.7233,0.0,0.0,1,20.2317,20.0914,63.1399,5.3616,149.2627
45,0,0.0,0.0,0.0,0,21.0,21.0,40.0,7.3874,0.0
45,1,0.0,0.0,0.0,0,19.1181,18.9744,48.0328,9.2257,0.0
45,2,61.5145,3.0,3.0,0,17.3962,17.3145,56.2482,10.2524,61.5145
45,3,63.5694,3.0,3.0,0,19.058,18.9392,64.7357,10.5949,125.0838
45,4,75.1562,3.0,3.0,1,20.7286,20.5829,73.0924,9.3945,200.2401
45,5,71.8571,3.0,3.0,1,21.6198,21.525,66.004,8.9821,272.0972
45,6,15.7161,0.0,0.0,1,22.5451,22.4251,59.4626,7.8581,287.8133
45,7,0.0,0.0,0.0,0,20.3902,20.272,54.3948,7.3852,287.8133
45,8,0.0,0.0,0.0,0,19.0041,18.9448,64.9026,7.3889,287.8133
45,9,54.4966,3.0,3.0,1,17.5895,17.5903,75.8042,6.8121,342.3099
46,0,0.0,0.0,0.0,0,21.0,21.0,40.0,4.7065,0.0
46,1,0.0,0.0,0.0,0,19.2051,19.083,49.7929,4.3228,0.0
46,2,21.3815,3.0,3.0,0,17.5507,17.4698,59.2131,3.5636,21.3815
46,3,21.2411,3.0,3.0,0,19.2931,19.1773,69.4489,3.5402,42.6226
46,4,31.3163,3.0,3.0,1,21.1312,20.9499,80.8991,3.9145,73.9389
46,5,6.0854,0.0,0.0,1,22.1891,22.1064,77.9335,3.0427,80.0243
46,6,10.766,0.0,3.0,1,20.273,20.1454,75.1055,2.1532,90.7903
46,7,8.979,3.0,0.0,1,18.4075,21.3501,71.7668,1.7958,99.7693
46,8,7.9972,0.0,3.0,0,21.4529,17.4343,68.6459,2.6657,107.7665
46,9,29.5755,3.0,3.0,1,17.5101,21.5164,79.5671,3.6969,137.342
47,0,0.0,0.0,0.0,0,21.0,21.0,40.0,5.6356,0.0
47,1,0.0,0.0,0.0,0,19.189,18.9724,48.6523,5.8316,0.0
47,2,37.6039,3.0,3.0,0,17.6339,17.3736,58.9807,6.2673,37.6039
47,3,51.7006,3.0,3.0,1,19.286,19.2833,70.2127,6.4626,89.3045
47,4,45.4965,3.0,3.0,1,20.3978,20.3471,66.4378,5.6871,134.801
47,5,36.033,3.0,3.0,1,21.5478,21.4021,62.1845,4.5041,170.834
47,6,0.0,0.0,0.0,0,22.5459,22.3811,56.833,3.5043,170.834
47,7,4.8317,3.0,0.0,0,21.0811,20.9792,67.098,1.6106,175.6657
47,8,1.7608,0.0,0.0,1,22.6312,19.479,76.7324,0.8804,177.4265
47,9,2.665,0.0,0.0,1,18.2979,19.0975,71.4669,1.3325,180.0915
48,0,0.0,0.0,0.0,0,21.0,21.0,40.0,2.3788,0.0
48,1,0.0,0.0,0.0,0,19.1849,18.9075,48.0317,1.7,0.0
48,2,15.0314,3.0,3.0,0,17.514,17.2494,56.722,2.5052,15.0314
48,3,17.3988,3.0,3.0,0,19.1619,19.0138,66.3882,2.8998,32.4302
48,4,29.3216,3.0,3.0,1,20.9432,20.7754,76.9649,3.6652,61.7517
48,5,30.6544,3.0,3.0,1,21.9341,21.8481,72.315,3.8318,92.4062
48,6,8.2911,0.0,0.0,1,22.9511,22.8572,68.1534,4.1455,100.6973
48,7,12.7692,3.0,0.0,0,20.7405,20.6642,62.9795,4.2564,113.4664
48,8,8.9833,0.0,0.0,1,22.3569,19.2595,73.4811,4.4917,122.4498
48,9,9.7967,0.0,0.0,1,18.1357,18.93,69.2485,4.8983,132.2464
49,0,0.0,0.0,0.0,0,21.0,21.0,40.0,6.6251,0.0
49,1,0.0,0.0,0.0,0,19.2415,18.9276,48.7224,5.5964,0.0
49,2,35.7935,3.0,3.0,0,17.6437,17.5083,60.2889,5.9656,35.7935
49,3,41.4072,3.0,3.0,1,19.3849,19.3294,71.6551,5.1759,77.2006
49,4,41.4258,3.0,3.0,1,20.4887,20.374,67.7651,5.1782,118.6264
49,5,37.3279,3.0,3.0,1,21.6125,21.5481,64.4539,4.666,155.9543
49,6,0.0,0.0,0.0,0,22.7196,22.6131,61.047,4.2436,155.9543
49,7,22.4418,3.0,0.0,1,21.3431,21.2584,72.8973,4.4884,178.3962
49,8,8.7037,0.0,0.0,1,22.213,19.1012,68.5843,4.3518,187.0999
49,9,18.4535,3.0,0.0,1,17.9092,18.7378,63.0302,3.6907,205.5534
50,0,0.0,0.0,0.0,0,21.0,21.0,40.0,3.9357,0.0
50,1,0.0,0.0,0.0,0,19.2934,18.9874,49.7271,1.9631,0.0
50,2,5.7081,3.0,3.0,0,17.6764,17.4885,60.5047,0.9514,5.7081
50,3,9.6888,3.0,3.0,1,19.4928,19.2111,71.6731,1.2111,15.3969
50,4,16.6402,3.0,3.0,1,20.5444,20.3758,68.3849,2.08,32.0371
50,5,27.277,3.0,3.0,1,21.6965,21.4971,64.9049,3.4096,59.3141
50,6,0.0,0.0,0.0,0,22.7147,22.626,61.3029,4.1823,59.3141
50,7,21.2486,3.0,0.0,1,21.3189,21.2593,72.8789,4.2497,80.5627
50,8,9.0267,0.0,0.0,1,22.2016,19.1533,69.1214,4.5133,89.5894
50,9,8.7244,0.0,0.0,1,18.0213,18.8217,65.002,4.3622,98.3138
51,0,0.0,0.0,0.0,0,21.0,21.0,40.0,2.0654,0.0
51,1,3.364,3.0,0.0,0,19.1844,18.9192,48.132,1.1213,3.364
51,2,3.7114,0.0,3.0,0,20.3833,17.3308,56.2885,1.2371,7.0755
51,3,3.1172,3.0,3.0,0,16.9759,20.7163,64.703,0.5195,10.1926
51,4,1.5673,3.0,3.0,1,21.1648,19.9856,74.0808,0.1959,11.7599
51,5,2.6448,3.0,3.0,1,21.5515,21.6056,68.4089,0.3306,14.4047
51,6,6.6997,0.0,3.0,1,22.6647,22.4366,62.9469,1.3399,21.1043
51,7,7.071,3.0,0.0,0,20.4565,23.3242,57.8839,2.357,28.1754
51,8,0.0,0.0,0.0,0,23.9386,19.8371,68.573,2.9697,28.1754
51,9,7.0151,0.0,0.0,1,19.6065,20.7988,79.3065,3.5076,35.1905
52,0,0.0,0.0,0.0,0,21.0,21.0,40.0,3.0155,0.0
52,1,5.3032,3.0,3.0,0,19.2129,19.0064,49.1736,0.8839,5.3032
52,2,0.0,0.0,0.0,0,20.4884,20.4447,58.3644,1.0029,5.3032
52,3,0.0,0.0,0.0,0,18.8843,18.7632,67.3025,0.8416,5.3032
52,4,9.8024,3.0,3.0,1,17.6421,17.5406,77.3328,1.2253,15.1056
52,5,13.3474,3.0,3.0,1,18.9626,18.894,72.2943,1.6684,28.453
52,6,27.6896,3.0,3.0,1,20.1476,20.1465,66.5023,3.4612,56.1426
52,7,29.0584,3.0,3.0,0,21.2203,21.2203,61.3165,4.8431,85.201
52,8,10.1259,0.0,0.0,1,22.678,22.7448,70.6849,5.0629,95.3268
52,9,9.028,0.0,0.0,1,20.1338,20.1493,64.5768,4.514,104.3548
53,0,0.0,0.0,0.0,0,21.0,21.0,40.0,5.4871,0.0
53,1,0.0,0.0,0.0,0,19.1396,19.0358,48.7781,5.4743,0.0
53,2,30.1907,3.0,3.0,0,17.5023,17.4957,58.9079,5.0318,30.1907
53,3,29.3239,3.0,3.0,0,19.2056,19.239,69.0942,4.8873,59.5146
53,4,37.7951,3.0,3.0,1,21.0554,20.91,79.7133,4.7244,97.3098
53,5,24.5082,0.0,3.0,1,22.1524,21.915,75.6316,4.9016,121.818
53,6,10.8032,0.0,0.0,1,20.1633,23.0015,72.3691,5.4016,132.6212
53,7,15.6638,3.0,0.0,0,20.1372,19.0178,68.3595,5.2213,148.285
53,8,9.0326,0.0,0.0,1,21.3384,18.4243,80.3999,4.5163,157.3176
53,9,22.5475,3.0,0.0,1,17.4376,18.1192,77.6021,4.5095,179.865
54,0,0.0,0.0,0.0,0,21.0,21.0,40.0,5.9067,0.0
54,1,0.0,0.0,0.0,0,19.243,18.9397,48.8445,5.3695,0.0
54,2,25.8992,3.0,3.0,0,17.4062,17.3812,57.0196,4.3165,25.8992
54,3,20.518,3.0,3.0,0,19.0923,19.0638,66.3154,3.4197,46.4173
54,4,27.7911,3.0,3.0,1,20.8442,20.6975,75.4578,3.4739,74.2084
54,5,35.4372,3.0,3.0,1,21.8136,21.729,70.0842,4.4297,109.6456
54,6,8.8497,0.0,0.0,1,22.7956,22.7116,65.1543,4.4249,118.4953
54,7,12.254,3.0,0.0,0,20.5546,20.6139,60.2941,4.0847,130.7493
54,8,0.0,0.0,0.0,0,22.0891,19.1582,69.386,3.4902,130.7493
54,9,7.0463,0.0,0.0,1,18.5324,19.4713,78.9847,3.5231,137.7955
55,0,0.0,0.0,0.0,0,21.0,21.0,40.0,4.2682,0.0
55,1,0.0,0.0,0.0,0,19.2639,18.9804,49.3991,2.689,0.0
55,2,7.9519,3.0,3.0,0,17.5674,17.4726,59.3482,1.3253,7.9519
55,3,7.4308,3.0,3.0,0,19.2518,19.1594,68.8942,1.2385,15.3827
55,4,14.4929,3.0,3.0,1,20.9376,20.8916,78.5568,1.8116,29.8756
55,5,23.3897,3.0,3.0,1,21.944,21.8849,73.4328,2.9237,53.2653
55,6,9.1279,0.0,0.0,1,22.8996,22.8981,68.798,4.5639,62.3931
55,7,15.7851,3.0,0.0,0,20.7171,20.7259,64.0546,5.2617,78.1782
55,8,9.5356,0.0,0.0,1,22.4278,19.2368,74.6789,4.7678,87.7138
55,9,8.6102,0.0,0.0,1,18.1613,18.9551,70.5119,4.3051,96.324
56,0,0.0,0.0,0.0,0,21.0,21.0,40.0,3.4419,0.0
56,1,0.0,0.0,0.0,0,19.1799,18.9506,48.3751,2.3308,0.0
56,2,7.8042,3.0,3.0,0,17.384,17.2744,55.8117,1.3007,7.8042
56,3,8.2898,3.0,3.0,0,18.9838,18.9158,63.8441,1.3816,16.094
56,4,12.6447,3.0,3.0,1,20.7275,20.65,73.5859,1.5806,28.7387
56,5,12.9399,3.0,3.0,1,21.765,21.5879,67.8352,1.6175,41.6786
56,6,5.2413,0.0,3.0,1,22.7041,22.5473,62.1398,1.0483,46.9199
56,7,7.4501,3.0,0.0,0,20.4436,23.4553,56.9251,2.4834,54.37
56,8,0.0,0.0,0.0,0,23.9176,19.9952,67.8898,3.4208,54.37
56,9,10.0335,0.0,0.0,1,19.7258,20.7205,77.8819,5.0167,64.4034
57,0,0.0,0.0,0.0,0,21.0,21.0,40.0,7.728,0.0
57,1,0.0,0.0,0.0,0,19.1324,18.9008,47.4985,9.1141,0.0
57,2,57.9523,3.0,3.0,0,17.39,17.259,55.64,9.6587,57.9523
57,3,55.689,3.0,3.0,0,19.0686,18.9068,64.43,9.2815,113.6413
57,4,67.4189,3.0,3.0,1,20.8334,20.6752,74.7375,8.4274,181.0602
57,5,61.1219,3.0,3.0,1,21.7814,21.7328,69.3771,7.6402,242.1821
57,6,12.4084,0.0,0.0,1,22.8462,22.7382,65.3725,6.2042,254.5905
57,7,15.459,3.0,0.0,0,20.6323,20.6271,60.7042,5.153,270.0495
57,8,8.8837,0.0,0.0,1,22.3568,19.1986,71.8326,4.4418,278.9331
57,9,6.9769,0.0,0.0,1,18.0775,18.8972,67.2746,3.4885,285.91
58,0,0.0,0.0,0.0,0,21.0,21.0,40.0,7.5988,0.0
58,1,0.0,0.0,0.0,0,19.2314,19.0275,49.5297,7.97,0.0
58,2,46.3144,3.0,3.0,0,17.6218,17.3776,58.9967,7.7191,46.3144
58,3,53.5508,3.0,3.0,1,19.3827,19.1948,70.367,6.6938,99.8651
58,4,46.7043,3.0,3.0,1,20.5626,20.3572,68.0995,5.838,146.5694
58,5,41.5538,3.0,3.0,1,21.6142,21.5154,64.0458,5.1942,188.1232
58,6,0.0,0.0,0.0,0,22.7038,22.6071,60.6954,4.8049,188.1232
58,7,24.6386,3.0,0.0,1,21.4154,21.2235,73.0585,4.9277,212.7618
58,8,10.2285,0.0,0.0,1,22.3819,19.209,70.9326,5.1143,222.9904
58,9,12.2562,0.0,0.0,1,18.2953,18.9226,68.2756,6.1281,235.2466
59,0,0.0,0.0,0.0,0,21.0,21.0,40.0,6.932,0.0
59,1,0.0,0.0,0.0,0,19.1075,18.9116,47.372,7.4466,0.0
59,2,42.4467,3.0,3.0,0,17.3996,17.1979,55.1639,7.0744,42.4467
59,3,40.0458,3.0,3.0,0,18.9333,18.843,62.5788,6.6743,82.4925
59,4,53.3985,3.0,3.0,1,20.6883,20.4999,71.6161,6.6748,135.8909
59,5,51.4366,3.0,3.0,1,21.6943,21.5143,66.1004,6.4296,187.3276
59,6,9.9023,0.0,0.0,1,22.6792,22.5353,61.2413,4.9511,197.2299
59,7,12.9552,3.0,0.0,0,20.5544,20.381,56.6536,4.3184,210.185
59,8,0.0,0.0,0.0,0,22.1553,19.0396,67.1623,4.0604,210.185
59,9,7.6039,0.0,0.0,1,18.6751,19.3987,77.8166,3.802,217.789
60,0,0.0,0.0,0.0,0,21.0,21.0,40.0,7.0425,0.0
60,1,0.0,0.0,0.0,0,19.1297,19.0383,48.7115,9.287,0.0
60,2,62.646,3.0,3.0,0,17.5193,17.4013,58.2048,10.441,62.646
60,3,57.2181,3.0,3.0,0,19.1764,19.1342,67.8131,9.5364,119.8641
60,4,62.958,3.0,3.0,1,20.9066,20.7886,77.0846,7.8697,182.822
60,5,48.6769,3.0,3.0,1,21.8852,21.7504,71.3052,6.0846,231.4989
60,6,9.2425,0.0,0.0,1,22.8053,22.7473,66.0296,4.6212,240.7414
60,7,11.9843,3.0,0.0,0,20.6158,20.6084,61.3036,3.9948,252.7257
60,8,6.3061,0.0,0.0,1,22.2144,19.1752,71.2247,3.1531,259.0318
60,9,5.7666,0.0,0.0,1,18.0131,18.7794,66.37,2.8833,264.7984
61,0,0.0,0.0,0.0,0,21.0,21.0,40.0,5.8957,0.0
61,1,0.0,0.0,0.0,0,19.1648,19.0361,49.0082,5.2507,0.0
61,2,32.8447,3.0,3.0,0,17.5114,17.4351,58.4677,5.4741,32.8447
61,3,34.4823,3.0,3.0,0,19.3037,19.0913,68.6248,5.747,67.3269
61,4,46.9844,3.0,3.0,1,21.0126,20.9086,79.248,5.8731,114.3113
61,5,48.5889,3.0,3.0,1,21.9898,21.9794,74.6402,6.0736,162.9003
61,6,13.856,0.0,0.0,1,22.926,22.9219,69.3206,6.928,176.7563
61,7,0.0,0.0,0.0,0,20.7317,20.711,64.1681,6.7558,176.7563
61,8,11.8512,0.0,0.0,1,19.3473,19.345,75.0446,5.9256,188.6075
61,9,46.2462,3.0,3.0,1,17.2032,17.2192,70.7072,5.7808,234.8537
62,0,0.0,0.0,0.0,0,21.0,21.0,40.0,5.2849,0.0
62,1,0.0,0.0,0.0,0,19.2961,19.0568,50.3761,3.5602,0.0
62,2,13.058,3.0,3.0,0,17.7569,17.613,62.415,2.1763,13.058
62,3,1.9627,3.0,3.0,1,19.5212,19.3838,73.7334,0.2453,15.0207
62,4,6.6954,3.0,3.0,1,20.5952,20.4959,70.3537,0.8369,21.7161
62,5,10.5487,3.0,3.0,1,21.5911,21.6486,65.9047,1.3186,32.2648
62,6,8.5033,0.0,3.0,0,22.7356,22.6493,62.3265,2.8344,40.7681
62,7,18.9791,3.0,0.0,1,21.3781,24.27,74.1736,3.7958,59.7472
62,8,9.833,0.0,0.0,1,24.1285,20.0965,71.3802,4.9165,69.5802
62,9,11.0019,0.0,0.0,1,19.2594,20.3134,68.5813,5.5009,80.5821
63,0,0.0,0.0,0.0,0,21.0,21.0,40.0,4.4629,0.0
63,1,0.0,0.0,0.0,0,19.1398,18.9411,47.9284,3.7888,0.0
63,2,18.0284,3.0,3.0,0,17.4282,17.3122,56.506,3.0047,18.0284
63,3,16.756,3.0,3.0,0,19.2112,19.015,66.8132,2.7927,34.7844
63,4,23.1236,3.0,3.0,1,21.0133,20.8069,77.8928,2.8905,57.908
63,5,30.2983,3.0,3.0,1,21.997,21.8053,72.6022,3.7873,88.2063
63,6,10.2272,0.0,0.0,1,22.8358,22.8193,66.8993,5.1136,98.4335
63,7,16.849,3.0,0.0,0,20.6949,20.6382,62.3222,5.6163,115.2825
63,8,11.5584,0.0,0.0,1,22.3473,19.2323,73.0721,5.7792,126.8409
63,9,10.6779,0.0,0.0,1,18.1059,18.9183,68.7632,5.339,137.5188
64,0,0.0,0.0,0.0,0,21.0,21.0,40.0,3.9609,0.0
64,1,0.0,0.0,0.0,0,19.1602,19.0825,49.3842,3.8888,0.0
64,2,24.8515,3.0,3.0,0,17.6535,17.4606,60.0144,4.1419,24.8515
64,3,33.8022,3.0,3.0,1,19.2891,19.2534,70.141,4.2253,58.6536
64,4,33.0331,3.0,3.0,1,20.3151,20.2479,64.9448,4.1291,91.6867
64,5,41.5454,3.0,3.0,1,21.3865,21.336,60.118,5.1932,133.2321
64,6,0.0,0.0,0.0,0,22.3985,22.3672,55.1579,6.0107,133.2321
64,7,19.7049,3.0,0.0,0,21.0437,20.9861,66.4545,6.5683,152.937
64,8,13.5208,0.0,0.0,1,22.7575,19.6147,78.6948,6.7604,166.4579
64,9,11.4143,0.0,0.0,1,18.5891,19.3462,76.1659,5.7072,177.8722
65,0,0.0,0.0,0.0,0,21.0,21.0,40.0,5.5334,0.0
65,1,0.0,0.0,0.0,0,19.2881,18.9863,49.67,7.9611,0.0
65,2,56.8862,3.0,3.0,0,17.5267,17.4617,58.9116,9.481,56.8862
65,3,56.722,3.0,3.0,0,19.2712,19.1966,69.3844,9.4537,113.6082
65,4,72.6184,3.0,3.0,1,21.0464,20.9357,79.9658,9.0773,186.2266
65,5,47.6128,0.0,3.0,1,22.0366,21.92,74.7509,9.5226,233.8393
65,6,18.663,0.0,0.0,1,19.9197,22.8881,69.1731,9.3315,252.5023
65,7,0.0,0.0,0.0,0,19.7553,18.8686,63.276,8.0902,252.5023
65,8,32.5933,3.0,0.0,1,17.8978,18.2065,73.692,6.5187,285.0956
65,9,37.3881,3.0,3.0,1,19.0884,16.0079,69.3828,4.6735,322.4837
66,0,0.0,0.0,0.0,0,21.0,21.0,40.0,5.1794,0.0
66,1,0.0,0.0,0.0,0,19.2867,18.9632,49.449,5.1549,0.0
66,2,25.6662,3.0,3.0,0,17.6266,17.4456,59.6438,4.2777,25.6662
66,3,22.8119,3.0,3.0,0,19.2664,19.2502,69.8768,3.802,48.4781
66,4,27.15,3.0,3.0,1,20.9585,20.9627,79.5149,3.3938,75.6282
66,5,19.3769,0.0,3.0,1,22.0826,21.9361,75.3526,3.8754,95.0051
66,6,7.6868,0.0,0.0,1,20.0703,22.9514,71.1968,3.8434,102.6919
66,7,10.5164,3.0,0.0,0,19.9841,18.9592,66.4417,3.5055,113.2083
66,8,5.3482,0.0,0.0,1,21.202,18.3628,78.4153,2.6741,118.5565
66,9,20.7002,3.0,3.0,1,17.217,17.9124,73.374,2.5875,139.2567
67,0,0.0,0.0,0.0,0,21.0,21.0,40.0,3.9894,0.0
67,1,0.0,0.0,0.0,0,19.1863,19.0123,48.9873,2.2524,0.0
67,2,0.3957,3.0,3.0,0,17.6129,17.4644,59.6432,0.066,0.3957
67,3,6.3293,3.0,3.0,0,19.3518,19.1272,69.4974,1.0549,6.725
67,4,15.7834,3.0,3.0,1,20.9982,20.9275,79.479,1.9729,22.5085
67,5,17.2571,3.0,3.0,1,22.0254,21.9541,74.9282,2.1571,39.7656
67,6,11.3939,0.0,3.0,1,23.062,23.0015,71.4656,2.2788,51.1594
67,7,5.41,3.0,0.0,0,20.9228,23.8585,67.6142,1.8033,56.5694
67,8,3.5283,0.0,0.0,1,24.4287,20.4039,79.7105,1.7642,60.0977
67,9,3.1375,0.0,0.0,1,19.4572,20.5174,75.606,1.5688,63.2352
68,0,0.0,0.0,0.0,0,21.0,21.0,40.0,6.4491,0.0
68,1,0.0,0.0,0.0,0,19.1118,18.934,47.6122,8.7901,0.0
68,2,58.0691,3.0,3.0,0,17.3677,17.2313,55.2008,9.6782,58.0691
68,3,55.4475,3.0,3.0,0,18.9797,18.9201,63.716,9.2413,113.5166
68,4,70.4213,3.0,3.0,1,20.741,20.6446,73.5294,8.8027,183.9379
68,5,67.9846,3.0,3.0,1,21.7599,21.6278,68.0261,8.4981,251.9225
68,6,15.1268,0.0,0.0,1,22.7094,22.596,62.5345,7.5634,267.0493
68,7,18.8247,3.0,0.0,0,20.5912,20.3718,57.4593,6.2749,285.8739
68,8,0.0,0.0,0.0,0,22.1048,19.0935,67.775,4.3992,285.8739
68,9,6.5191,0.0,0.0,1,18.6189,19.3934,77.8483,3.2595,292.393
69,0,0.0,0.0,0.0,0,21.0,21.0,40.0,3.645,0.0
69,1,0.0,0.0,0.0,0,19.1748,19.0845,49.5329,4.794,0.0
69,2,35.0599,3.0,3.0,0,17.5687,17.4923,59.5512,5.8433,35.0599
69,3,39.3867,3.0,3.0,0,19.2699,19.1259,68.787,6.5644,74.4466
69,4,51.4321,3.0,3.0,1,20.8752,20.7798,77.0076,6.429,125.8787
69,5,42.0884,3.0,3.0,1,21.77,21.6303,69.4358,5.2611,167.9671
69,6,8.1267,0.0,0.0,1,22.6399,22.5642,62.9312,4.0633,176.0937
69,7,9.8718,3.0,0.0,0,20.4068,20.2826,56.2141,3.2906,185.9655
69,8,0.0,0.0,0.0,0,21.9117,18.7039,63.5009,2.511,185.9655
69,9,4.7613,0.0,0.0,1,18.2264,19.0472,71.6465,2.3807,190.7268
70,0,0.0,0.0,0.0,0,21.0,21.0,40.0,6.2616,0.0
70,1,0.0,0.0,0.0,0,19.2896,18.94,49.2663,5.745,0.0
70,2,34.1775,3.0,3.0,0,17.5963,17.3207,58.2285,5.6962,34.1775
70,3,28.3393,3.0,3.0,0,19.2359,19.1014,68.1048,4.7232,62.5167
70,4,27.8642,3.0,3.0,1,20.8794,20.8217,77.2148,3.483,90.3809
70,5,29.28,3.0,3.0,1,21.8594,21.7945,71.552,3.66,119.6609
70,6,9.1416,0.0,0.0,1,22.7762,22.7502,65.8934,4.5708,128.8025
70,7,13.1438,3.0,0.0,0,20.5894,20.604,61.1007,4.3813,141.9463
70,8,9.0673,0.0,0.0,1,22.2293,19.2244,71.8487,4.5337,151.0136
70,9,10.1225,0.0,0.0,1,18.0072,18.8571,67.1206,5.0612,161.1361
71,0,0.0,0.0,0.0,0,21.0,21.0,40.0,5.6492,0.0
71,1,0.0,0.0,0.0,0,19.2649,18.9934,49.5246,5.1225,0.0
71,2,30.2755,3.0,3.0,0,17.5976,17.5298,60.1475,5.0459,30.2755
71,3,43.1421,3.0,3.0,1,19.2783,19.2604,70.1331,5.3928,73.4177
71,4,47.336,3.0,3.0,1,20.3386,20.2777,65.4473,5.917,120.7537
71,5,49.4935,3.0,3.0,1,21.4039,21.3385,60.3686,6.1867,170.2472
71,6,0.0,0.0,0.0,0,22.4865,22.4088,56.4124,5.9231,170.2472
71,7,16.1195,3.0,0.0,0,20.978,21.0409,66.5617,5.3732,186.3666
71,8,8.903,0.0,0.0,1,22.5052,19.5621,76.1461,4.4515,195.2697
71,9,6.8161,0.0,0.0,1,18.1948,19.1734,70.983,3.408,202.0858
72,0,0.0,0.0,0.0,0,21.0,21.0,40.0,6.4715,0.0
72,1,0.0,0.0,0.0,0,19.1744,19.0019,48.7871,6.6221,0.0
72,2,38.4296,3.0,3.0,0,17.4367,17.4439,57.8533,6.4049,38.4296
72,3,36.4857,3.0,3.0,0,19.0853,19.0154,65.8943,6.0809,74.9152
72,4,48.0753,3.0,3.0,1,20.7865,20.7676,75.5972,6.0094,122.9905
72,5,46.5266,3.0,3.0,1,21.8708,21.7898,71.1865,5.8158,169.5171
72,6,8.3047,0.0,0.0,1,22.8916,22.7586,66.5862,4.1524,177.8218
72,7,11.6858,3.0,0.0,0,20.5802,20.69,61.4838,3.8953,189.5077
72,8,8.0933,0.0,0.0,1,22.1647,19.222,71.0067,4.0466,197.6009
72,9,8.765,0.0,0.0,1,18.0002,18.7906,66.1599,4.3825,206.3659
73,0,0.0,0.0,0.0,0,21.0,21.0,40.0,3.2779,0.0
73,1,3.573,3.0,0.0,0,19.2687,19.0155,49.7575,1.191,3.573
73,2,0.6355,0.0,3.0,0,20.557,17.3849,58.5008,0.2118,4.2084
73,3,2.1742,3.0,3.0,0,17.1435,20.8071,67.3961,0.3624,6.3827
73,4,6.5036,3.0,3.0,1,21.3884,20.0746,77.4952,0.813,12.8863
73,5,8.5688,3.0,3.0,1,21.6985,21.8189,72.5328,1.0711,21.4551
73,6,9.1872,0.0,3.0,1,22.7947,22.7003,67.6966,1.8374,30.6424
73,7,6.6615,3.0,0.0,0,20.6946,23.6296,64.3364,2.2205,37.3039
73,8,5.5874,0.0,0.0,1,24.0408,20.1581,74.4313,2.7937,42.8913
73,9,6.6634,0.0,0.0,1,19.1543,20.2452,70.2847,3.3317,49.5547
74,0,0.0,0.0,0.0,0,21.0,21.0,40.0,3.6353,0.0
74,1,0.0,0.0,0.0,0,19.1095,19.0093,48.2691,2.6505,0.0
74,2,16.9216,3.0,3.0,0,17.4367,17.4092,57.4882,2.8203,16.9216
74,3,19.7442,3.0,3.0,0,19.2686,19.0608,67.8698,3.2907,36.6658
74,4,34.2829,3.0,3.0,1,20.9032,20.8566,77.5712,4.2854,70.9487
74,5,39.9408,3.0,3.0,1,21.9574,21.8314,72.6469,4.9926,110.8895
74,6,10.577,0.0,0.0,1,23.0286,22.8211,68.8057,5.2885,121.4665
74,7,18.4571,3.0,0.0,0,20.8763,20.7516,65.3052,6.1524,139.9235
74,8,14.1941,0.0,0.0,1,22.479,19.3672,76.0662,7.0971,154.1177
74,9,14.1351,0.0,0.0,1,18.1981,18.9834,71.0147,7.0675,168.2527
75,0,0.0,0.0,0.0,0,21.0,21.0,40.0,6.3279,0.0
75,1,0.0,0.0,0.0,0,19.1523,19.0719,49.2178,7.0287,0.0
75,2,43.4726,3.0,3.0,0,17.5093,17.5407,59.4208,7.2454,43.4726
75,3,35.9401,3.0,3.0,0,19.1415,19.204,68.2933,5.99,79.4127
75,4,39.9103,3.0,3.0,1,20.832,20.8613,77.266,4.9888,119.323
75,5,31.1328,3.0,3.0,1,21.8243,21.7783,71.2044,3.8916,150.4558
75,6,16.477,0.0,3.0,1,22.772,22.7097,65.5586,3.2954,166.9328
75,7,7.4677,3.0,0.0,0,20.5476,23.5182,59.9807,2.4892,174.4005
75,8,5.7388,0.0,0.0,1,24.0032,19.9853,70.2753,2.8694,180.1392
75,9,4.228,0.0,0.0,1,18.9522,20.087,64.5907,2.114,184.3672
76,0,0.0,0.0,0.0,0,21.0,21.0,40.0,4.3845,0.0
76,1,0.0,0.0,0.0,0,19.1695,19.0373,49.0615,4.5223,0.0
76,2,24.8995,3.0,3.0,0,17.6675,17.387,59.4453,4.1499,24.8995
76,3,23.051,3.0,3.0,0,19.3069,19.1966,69.7041,3.8418,47.9505
76,4,36.1856,3.0,3.0,1,21.0193,20.9791,80.1425,4.5232,84.1361
76,5,19.2403,0.0,3.0,1,22.0763,21.9836,75.7265,3.8481,103.3764
76,6,7.635,0.0,0.0,1,19.9289,23.0122,70.5106,3.8175,111.0113
76,7,12.3002,3.0,0.0,0,19.9439,18.8779,65.3149,4.1001,123.3116
76,8,7.7774,0.0,0.0,1,21.0796,18.1613,75.358,3.8887,131.0889
76,9,29.3759,3.0,3.0,1,17.1847,17.7662,71.3329,3.672,160.4648
77,0,0.0,0.0,0.0,0,21.0,21.0,40.0,6.6636,0.0
77,1,0.0,0.0,0.0,0,19.2701,18.981,49.4595,7.8773,0.0
77,2,50.3198,3.0,3.0,0,17.6758,17.4757,60.3584,8.3866,50.3198
77,3,69.6968,3.0,3.0,1,19.3117,19.3389,71.155,8.7121,120.0165
77,4,70.0806,3.0,3.0,1,20.3775,20.3219,66.3114,8.7601,190.0972
77,5,68.2705,3.0,3.0,1,21.4264,21.4292,61.5774,8.5338,258.3677
77,6,0.0,0.0,0.0,0,22.4489,22.4297,56.554,7.9487,258.3677
77,7,0.0,0.0,0.0,0,21.0829,21.0362,67.7414,6.8329,258.3677
77,8,11.6118,0.0,0.0,1,19.688,19.6533,78.9794,5.8059,269.9795
77,9,39.6161,3.0,3.0,1,17.6112,17.4518,75.1501,4.952,309.5957
78,0,0.0,0.0,0.0,0,21.0,21.0,40.0,4.3586,0.0
78,1,0.0,0.0,0.0,0,19.1724,18.9321,48.1404,5.1244,0.0
78,2,33.2108,3.0,3.0,0,17.4664,17.3846,57.5213,5.5351,33.2108
78,3,32.5807,3.0,3.0,0,19.2087,19.1452,68.0825,5.4301,65.7915
78,4,38.5139,3.0,3.0,1,21.0964,20.9588,80.2435,4.8142,104.3054
78,5,7.9001,0.0,0.0,1,22.2393,22.0882,77.7754,3.95,112.2055
78,6,15.6194,0.0,3.0,1,20.246,20.17,74.6674,3.1239,127.8249
78,7,15.4969,3.0,0.0,1,18.4679,21.3413,71.8118,3.0994,143.3218
78,8,8.6177,0.0,3.0,0,21.4111,17.4759,68.2707,2.8726,151.9395
78,9,22.4857,3.0,3.0,1,17.4528,21.5967,79.4004,2.8107,174.4252
79,0,0.0,0.0,0.0,0,21.0,21.0,40.0,5.9786,0.0
79,1,0.0,0.0,0.0,0,19.2698,19.0415,50.0021,5.4333,0.0
79,2,29.2524,3.0,3.0,0,17.7638,17.4458,60.9353,4.8754,29.2524
79,3,28.9432,3.0,3.0,1,19.5039,19.2298,72.0095,3.6179,58.1956
79,4,26.0938,3.0,3.0,1,20.5085,20.3753,68.1517,3.2617,84.2894
79,5,22.2504,3.0,3.0,1,21.5913,21.375,62.9214,2.7813,106.5398
79,6,6.5538,0.0,3.0,0,22.5159,22.4119,57.4441,2.1846,113.0935
79,7,7.491,3.0,0.0,0,21.1755,23.9876,68.6277,2.497,120.5845
79,8,5.8638,0.0,0.0,1,24.4963,20.4738,78.8696,2.9319,126.4483
79,9,7.5304,0.0,0.0,1,19.4327,20.5786,73.9814,3.7652,133.9787
80,0,0.0,0.0,0.0,0,21.0,21.0,40.0,3.6273,0.0
80,1,0.0,0.0,0.0,0,19.2162,18.9728,48.901,2.685,0.0
80,2,15.9504,3.0,3.0,0,17.4252,17.3723,57.1164,2.6584,15.9504
80,3,13.2465,3.0,3.0,0,19.0257,19.085,65.9208,2.2077,29.1969
80,4,17.6649,3.0,3.0,1,20.8018,20.7367,75.4027,2.2081,46.8618
80,5,13.1552,3.0,3.0,1,21.7435,21.7858,69.936,1.6444,60.017
80,6,8.4953,0.0,3.0,1,22.7815,22.7438,65.2761,1.6991,68.5123
80,7,3.4536,3.0,0.0,0,20.5202,23.517,59.0872,1.1512,71.9659
80,8,0.0,0.0,0.0,0,23.8928,19.9742,68.5204,0.9305,71.9659
80,9,3.5022,0.0,0.0,1,19.689,20.7901,79.1784,1.7511,75.4682
81,0,0.0,0.0,0.0,0,21.0,21.0,40.0,6.4245,0.0
81,1,0.0,0.0,0.0,0,19.1334,18.993,48.3377,7.895,0.0
81,2,48.1351,3.0,3.0,0,17.3492,17.2363,55.1515,8.0225,48.1351
81,3,47.4713,3.0,3.0,0,18.9369,18.855,62.8049,7.9119,95.6064
81,4,54.8095,3.0,3.0,1,20.5975,20.4725,70.652,6.8512,150.4159
81,5,45.5149,3.0,3.0,1,21.5812,21.4767,64.7372,5.6894,195.9308
81,6,8.3304,0.0,0.0,1,22.6295,22.4665,60.032,4.1652,204.2612
81,7,9.4437,3.0,0.0,0,20.3795,20.4233,55.2106,3.1479,213.7049
81,8,0.0,0.0,0.0,0,22.0025,19.0081,65.1356,2.8916,213.7049
81,9,6.7055,0.0,0.0,1,18.5524,19.2808,75.1166,3.3528,220.4104
82,0,0.0,0.0,0.0,0,21.0,21.0,40.0,5.8915,0.0
82,1,0.0,0.0,0.0,0,19.2496,18.9105,48.6406,4.77,0.0
82,2,23.7742,3.0,3.0,0,17.5213,17.4395,58.5601,3.9624,23.7742
82,3,17.4556,3.0,3.0,0,19.2313,19.0803,67.8511,2.9093,41.2298
82,4,16.957,3.0,3.0,1,20.9254,20.8754,78.0653,2.1196,58.1867
82,5,19.6372,3.0,3.0,1,21.9159,21.9397,73.4101,2.4547,77.824
82,6,6.7673,0.0,0.0,1,22.9144,22.9012,68.7205,3.3836,84.5913
82,7,12.8635,3.0,0.0,0,20.8235,20.6154,63.796,4.2878,97.4548
82,8,7.949,0.0,0.0,1,22.4331,19.2063,74.2265,3.9745,105.4038
82,9,5.5553,0.0,0.0,1,18.1697,18.9555,70.3429,2.7776,110.959
83,0,0.0,0.0,0.0,0,21.0,21.0,40.0,7.5732,0.0
83,1,0.0,0.0,0.0,0,19.2424,19.0009,49.3896,10.1154,0.0
83,2,62.0375,3.0,3.0,0,17.6465,17.4968,60.2778,10.3396,62.0375
83,3,80.5391,3.0,3.0,1,19.4032,19.2172,70.8687,10.0674,142.5766
83,4,72.228,3.0,3.0,1,20.3694,20.2662,65.6953,9.0285,214.8046
83,5,62.0146,3.0,3.0,1,21.4163,21.3931,61.063,7.7518,276.8192
83,6,0.0,0.0,0.0,0,22.5557,22.4321,57.3974,5.655,276.8192
83,7,13.1951,3.0,0.0,0,21.1917,21.1058,69.3045,4.3984,290.0143
83,8,6.1585,0.0,0.0,1,22.8877,19.7017,81.3307,3.0792,296.1727
83,9,4.8613,0.0,0.0,1,18.5563,19.4306,77.5073,2.4306,301.034
84,0,0.0,0.0,0.0,0,21.0,21.0,40.0,4.2479,0.0
84,1,0.0,0.0,0.0,0,19.2059,19.0197,49.2304,4.8079,0.0
84,2,33.6076,3.0,3.0,0,17.3716,17.4603,57.4585,5.6013,33.6076
84,3,34.6765,3.0,3.0,0,19.2085,19.1102,67.8573,5.7794,68.2841
84,4,46.4451,3.0,3.0,1,20.9244,20.9509,78.6846,5.8056,114.7292
84,5,30.3799,0.0,3.0,1,22.0072,21.9826,74.6343,6.076,145.1091
84,6,12.3053,0.0,0.0,1,20.0911,22.9765,71.1259,6.1527,157.4144
84,7,18.0285,3.0,0.0,0,20.0057,19.0903,67.3739,6.0095,175.443
84,8,12.3152,0.0,0.0,1,21.3376,18.4232,79.875,6.1576,187.7582
84,9,32.4389,3.0,0.0,1,17.2861,18.0948,75.5093,6.4878,220.1971
85,0,0.0,0.0,0.0,0,21.0,21.0,40.0,4.8473,0.0
85,1,0.0,0.0,0.0,0,19.2685,19.0641,50.1935,4.4579,0.0
85,2,32.2975,3.0,3.0,0,17.6833,17.5729,61.3741,5.3829,32.2975
85,3,51.6823,3.0,3.0,1,19.4747,19.3399,72.7982,6.4603,83.9798
85,4,51.5826,3.0,3.0,1,20.543,20.4795,69.5336,6.4478,135.5625
85,5,54.2755,3.0,3.0,1,21.7056,21.6123,66.3447,6.7844,189.838
85,6,0.0,0.0,0.0,0,22.8151,22.6929,63.2411,6.2511,189.838
85,7,30.7475,3.0,0.0,1,21.3409,21.2662,73.722,6.1495,220.5855
85,8,11.2767,0.0,0.0,1,22.2542,19.0706,69.4584,5.6384,231.8622
85,9,30.1249,3.0,0.0,1,17.993,18.8603,65.6763,6.025,261.9871
86,0,0.0,0.0,0.0,0,21.0,21.0,40.0,5.9132,0.0
86,1,0.0,0.0,0.0,0,19.2543,19.0414,49.861,7.6134,0.0
86,2,46.1669,3.0,3.0,0,17.7092,17.4897,60.8248,7.6945,46.1669
86,3,58.5355,3.0,3.0,1,19.514,19.2421,72.188,7.3169,104.7024
86,4,55.5067,3.0,3.0,1,20.5137,20.4016,68.4326,6.9383,160.2091
86,5,46.8585,3.0,3.0,1,21.6435,21.4661,64.2357,5.8573,207.0676
86,6,0.0,0.0,0.0,0,22.6664,22.6259,60.8793,5.4329,207.0676
86,7,25.9759,3.0,0.0,1,21.299,21.2303,72.4062,5.1952,233.0435
86,8,9.8282,0.0,0.0,1,22.2091,19.1412,69.0025,4.9141,242.8717
86,9,8.2889,0.0,0.0,1,18.0945,18.8751,66.0608,4.1444,251.1606
87,0,0.0,0.0,0.0,0,21.0,21.0,40.0,3.1314,0.0
87,1,0.0,0.0,0.0,0,19.1624,18.9706,48.3973,2.6583,0.0
87,2,15.7237,3.0,3.0,0,17.4062,17.3255,56.474,2.6206,15.7237
87,3,15.6827,3.0,3.0,0,19.049,18.9737,65.0199,2.6138,31.4065
87,4,17.5127,3.0,3.0,1,20.7122,20.679,73.8888,2.1891,48.9192
87,5,26.8313,3.0,3.0,1,21.796,21.7621,69.8739,3.3539,75.7504
87,6,8.1015,0.0,0.0,1,22.9579,22.7935,67.016,4.0508,83.852
87,7,11.8674,3.0,0.0,0,20.8921,20.7555,64.4888,3.9558,95.7193
87,8,6.749,0.0,0.0,1,22.5225,19.4546,76.2691,3.3745,102.4683
87,9,7.9442,0.0,0.0,1,18.2096,19.1499,71.7588,3.9721,110.4126
88,0,0.0,0.0,0.0,0,21.0,21.0,40.0,5.5859,0.0
88,1,0.0,0.0,0.0,0,19.178,18.9479,48.333,5.3255,0.0
88,2,26.4568,3.0,3.0,0,17.4695,17.3593,57.3417,4.4095,26.4568
88,3,21.0412,3.0,3.0,0,19.1576,19.0281,66.5683,3.5069,47.4979
88,4,26.7095,3.0,3.0,1,20.781,20.8083,75.8986,3.3387,74.2074
88,5,25.8319,3.0,3.0,1,21.7593,21.7093,69.4744,3.229,100.0394
88,6,12.3296,0.0,3.0,1,22.6732,22.6385,63.3839,2.4659,112.369
88,7,4.5001,3.0,0.0,0,20.5222,23.4058,57.9417,1.5,116.869
88,8,0.0,0.0,0.0,0,23.957,19.9831,68.9172,1.5246,116.869
88,9,4.0797,0.0,0.0,1,19.6781,20.8591,79.5069,2.0398,120.9487
89,0,0.0,0.0,0.0,0,21.0,21.0,40.0,6.4977,0.0
89,1,0.0,0.0,0.0,0,19.2799,19.0656,50.3095,6.7619,0.0
89,2,41.3839,3.0,3.0,0,17.5718,17.5932,60.5653,6.8973,41.3839
89,3,55.7981,3.0,3.0,1,19.2642,19.2539,70.0601,6.9748,97.182
89,4,56.7406,3.0,3.0,1,20.3718,20.292,65.9687,7.0926,153.9226
89,5,49.5812,3.0,3.0,1,21.4747,21.3744,61.4654,6.1976,203.5038
89,6,0.0,0.0,0.0,0,22.4565,22.4557,56.7975,5.196,203.5038
89,7,11.4278,3.0,0.0,0,21.1445,20.9644,67.6199,3.8093,214.9316
89,8,4.996,0.0,0.0,1,22.6402,19.6586,78.5582,2.498,219.9277
89,9,2.5312,0.0,0.0,1,18.4396,19.2627,74.5276,1.2656,222.4588
90,0,0.0,0.0,0.0,0,21.0,21.0,40.0,4.661,0.0
90,1,0.0,0.0,0.0,0,19.109,19.058,48.7036,6.3758,0.0
90,2,43.2107,3.0,3.0,0,17.5198,17.4108,58.2948,7.2018,43.2107
90,3,45.5915,3.0,3.0,0,19.2638,19.0741,68.067,7.5986,88.8022
90,4,65.3384,3.0,3.0,1,20.9336,20.8644,78.0426,8.1673,154.1406
90,5,63.0784,3.0,3.0,1,21.9946,21.8793,73.5761,7.8848,217.219
90,6,14.229,0.0,0.0,1,22.8641,22.8334,67.674,7.1145,231.448
90,7,18.0081,3.0,0.0,0,20.6375,20.6548,62.3859,6.0027,249.4561
90,8,9.9827,0.0,0.0,1,22.2257,19.2716,72.7256,4.9913,259.4388
90,9,6.3851,0.0,0.0,1,18.0289,18.8577,67.8459,3.1925,265.8239
91,0,0.0,0.0,0.0,0,21.0,21.0,40.0,4.6028,0.0
91,1,0.0,0.0,0.0,0,19.1798,19.0492,49.2606,3.9209,0.0
91,2,20.1231,3.0,3.0,0,17.5346,17.4506,58.8411,3.3539,20.1231
91,3,22.8049,3.0,3.0,0,19.222,19.167,68.6309,3.8008,42.928
91,4,31.3375,3.0,3.0,1,20.935,20.9476,78.9549,3.9172,74.2655
91,5,30.3876,3.0,3.0,1,21.9795,21.988,74.6447,3.7985,104.6532
91,6,8.7704,0.0,0.0,1,23.1159,22.9322,71.1406,4.3852,113.4236
91,7,15.8175,3.0,0.0,0,20.8988,20.8152,66.8083,5.2725,129.2412
91,8,12.2689,0.0,0.0,1,22.4877,19.3871,77.1289,6.1344,141.51
91,9,13.2026,0.0,0.0,1,18.2525,19.0871,73.269,6.6013,154.7127
92,0,0.0,0.0,0.0,0,21.0,21.0,40.0,4.008,0.0
92,1,0.0,0.0,0.0,0,19.2994,19.0406,50.2602,2.9326,0.0
92,2,12.7407,3.0,3.0,0,17.5532,17.5625,60.1161,2.1235,12.7407
92,3,14.294,3.0,3.0,1,19.4092,19.2033,70.8595,1.7867,27.0347
92,4,18.1288,3.0,3.0,1,20.4113,20.2914,66.3545,2.2661,45.1635
92,5,23.4795,3.0,3.0,1,21.4243,21.3377,60.7526,2.9349,68.643
92,6,0.0,0.0,0.0,0,22.3663,22.3502,55.0287,3.4713,68.643
92,7,11.2477,3.0,0.0,0,20.8962,20.9405,64.9859,3.7492,79.8907
92,8,7.9336,0.0,0.0,1,22.6217,19.5126,76.6481,3.9668,87.8243
92,9,7.1618,0.0,0.0,1,18.4541,19.2327,73.8108,3.5809,94.986
93,0,0.0,0.0,0.0,0,21.0,21.0,40.0,6.1026,0.0
93,1,0.0,0.0,0.0,0,19.1413,18.9475,47.9997,8.4345,0.0
93,2,53.1665,3.0,3.0,0,17.4581,17.257,56.2842,8.8611,53.1665
93,3,49.9084,3.0,3.0,0,19.0591,18.978,65.094,8.3181,103.0749
93,4,51.8681,3.0,3.0,1,20.8301,20.6957,75.058,6.4835,154.943
93,5,37.9725,3.0,3.0,1,21.7433,21.7871,69.7031,4.7466,192.9155
93,6,7.5591,0.0,0.0,1,22.8496,22.6174,64.5106,3.7796,200.4746
93,7,9.1941,3.0,0.0,0,20.5335,20.4485,58.2971,3.0647,209.6687
93,8,0.0,0.0,0.0,0,22.1329,18.9437,67.3636,3.0054,209.6687
93,9,7.6555,0.0,0.0,1,18.4724,19.2899,76.1721,3.8277,217.3242
94,0,0.0,0.0,0.0,0,21.0,21.0,40.0,3.1438,0.0
94,1,2.6487,3.0,3.0,0,19.1655,19.0527,49.1637,0.4414,2.6487
94,2,0.0,0.0,0.0,0,20.4306,20.3967,57.4112,0.0,2.6487
94,3,3.6017,3.0,3.0,0,18.7666,18.6985,65.5647,0.6003,6.2504
94,4,4.9451,0.0,0.0,1,20.3877,20.4801,74.2387,2.4725,11.1955
94,5,7.5793,0.0,0.0,1,18.5365,18.44,69.2298,3.7896,18.7748
94,6,34.4485,3.0,3.0,1,16.8329,16.7278,63.9658,4.3061,53.2233
94,7,27.3155,3.0,3.0,0,18.3242,18.1486,59.6105,4.5526,80.5388
94,8,26.9393,3.0,3.0,0,20.1369,20.0115,69.8477,4.4899,107.4781
94,9,34.0449,3.0,3.0,1,21.6236,21.5366,80.7571,4.2556,141.523
95,0,0.0,0.0,0.0,0,21.0,21.0,40.0,7.4063,0.0
95,1,0.0,0.0,0.0,0,19.1911,18.9605,48.5644,8.9588,0.0
95,2,55.0615,3.0,3.0,0,17.4909,17.3786,57.7306,9.1769,55.0615
95,3,59.49,3.0,3.0,0,19.1605,19.0975,67.2785,9.915,114.5516
95,4,82.6519,3.0,3.0,1,20.9267,20.7921,77.1892,10.3315,197.2034
95,5,79.1372,3.0,3.0,1,21.7661,21.8116,70.698,9.8921,276.3406
95,6,18.5826,0.0,0.0,1,22.7369,22.6518,64.4162,9.2913,294.9232
95,7,0.0,0.0,0.0,0,20.5154,20.4562,58.7437,7.8834,294.9232
95,8,0.0,0.0,0.0,0,19.0694,18.9861,67.7045,6.4523,294.9232
95,9,45.1502,3.0,3.0,1,17.6269,17.4934,77.2058,5.6438,340.0734
96,0,0.0,0.0,0.0,0,21.0,21.0,40.0,5.3672,0.0
96,1,0.0,0.0,0.0,0,19.2514,19.0481,49.8959,3.2047,0.0
96,2,19.1148,3.0,3.0,0,17.5928,17.4451,59.3791,3.1858,19.1148
96,3,22.66,3.0,3.0,0,19.1869,19.1846,68.584,3.7767,41.7749
96,4,34.4671,3.0,3.0,1,20.8909,20.843,77.712,4.3084,76.242
96,5,33.4814,3.0,3.0,1,21.8836,21.7656,71.7413,4.1852,109.7234
96,6,8.0426,0.0,0.0,1,22.8186,22.6779,65.851,4.0213,117.766
96,7,12.5333,3.0,0.0,0,20.6007,20.4332,59.866,4.1778,130.2992
96,8,0.0,0.0,0.0,0,22.1727,18.9579,68.9985,4.6826,130.2992
96,9,11.2554,0.0,0.0,1,18.5281,19.2345,77.372,5.6277,141.5547
97,0,0.0,0.0,0.0,0,21.0,21.0,40.0,4.0981,0.0
97,1,0.0,0.0,0.0,0,19.219,18.9241,48.4877,4.5087,0.0
97,2,22.3185,3.0,3.0,0,17.5314,17.3177,57.5394,3.7198,22.3185
97,3,23.9358,3.0,3.0,0,19.1476,19.0638,66.8326,3.9893,46.2543
97,4,37.9409,3.0,3.0,1,20.7963,20.7205,75.3027,4.7426,84.1953
97,5,45.4766,3.0,3.0,1,21.8042,21.7321,70.0751,5.6846,129.6719
97,6,11.6791,0.0,0.0,1,22.8165,22.6977,65.2586,5.8396,141.351
97,7,15.5189,3.0,0.0,0,20.69,20.5237,60.7486,5.173,156.8699
97,8,7.9039,0.0,0.0,1,22.2474,19.1216,70.5697,3.9519,164.7738
97,9,14.701,3.0,0.0,1,17.9239,18.8195,65.44,2.9402,179.4748
98,0,0.0,0.0,0.0,0,21.0,21.0,40.0,2.947,0.0
98,1,0.0,0.0,0.0,0,19.1149,19.0799,48.9534,1.7702,0.0
98,2,6.2328,3.0,3.0,0,17.4847,17.4222,58.1059,1.0388,6.2328
98,3,7.7296,3.0,3.0,0,19.1318,19.128,67.3666,1.2883,13.9624
98,4,9.9164,3.0,3.0,1,20.9315,20.8161,77.5222,1.2396,23.8789
98,5,10.5798,3.0,3.0,1,22.0298,21.8723,73.7171,1.3225,34.4587
98,6,5.2689,0.0,3.0,1,22.8962,22.9243,68.6939,1.0538,39.7276
98,7,4.8028,3.0,0.0,0,20.7249,23.7577,64.1227,1.6009,44.5304
98,8,3.7134,0.0,0.0,1,24.1627,20.2428,74.7952,1.8567,48.2438
98,9,4.9529,0.0,0.0,1,19.2289,20.3778,70.8388,2.4765,53.1968
99,0,0.0,0.0,0.0,0,21.0,21.0,40.0,5.5442,0.0
99,1,0.0,0.0,0.0,0,19.2473,18.952,48.9936,5.44,0.0
99,2,36.5932,3.0,3.0,0,17.6278,17.4417,59.5735,6.0989,36.5932
99,3,55.8352,3.0,3.0,1,19.3847,19.2545,70.9326,6.9794,92.4284
99,4,51.3022,3.0,3.0,1,20.508,20.3625,67.721,6.4128,143.7306
99,5,42.8292,3.0,3.0,1,21.5739,21.4598,63.2039,5.3537,186.5598
99,6,0.0,0.0,0.0,0,22.5624,22.4869,58.2748,5.2588,186.5598
99,7,17.8467,3.0,0.0,0,21.1367,21.0425,68.6193,5.9489,204.4065
99,8,13.7035,0.0,0.0,1,22.7637,19.5588,79.2022,6.8518,218.11
99,9,14.3513,0.0,0.0,1,18.4581,19.2705,75.2164,7.1757,232.4613
100,0,0.0,0.0,0.0,0,21.0,21.0,40.0,5.0254,0.0
100,1,0.0,0.0,0.0,0,19.2163,19.0225,49.3491,4.7051,0.0
100,2,22.9995,3.0,3.0,0,17.5468,17.4639,59.0792,3.8333,22.9995
100,3,21.2826,3.0,3.0,0,19.3213,19.199,69.8446,3.5471,44.2822
100,4,31.7627,3.0,3.0,1,21.0254,21.0107,80.4859,3.9703,76.0448
100,5,9.0779,0.0,0.0,1,22.094,22.0204,76.255,4.5389,85.1227
100,6,11.8312,0.0,0.0,1,20.0667,19.9887,71.6262,5.9156,96.9539
100,7,0.0,0.0,0.0,0,18.1319,18.1662,67.0918,7.2811,96.9539
100,8,58.1949,3.0,3.0,1,17.0962,16.9868,78.1555,7.2744,155.1487
100,9,56.2962,3.0,3.0,1,18.171,18.0338,73.1954,7.037,211.4449
